-- phpMyAdmin SQL Dump
-- version 4.0.9
-- http://www.phpmyadmin.net
--
-- Host: 127.0.0.1
-- Generation Time: May 09, 2015 at 10:02 PM
-- Server version: 5.6.14
-- PHP Version: 5.5.6

SET SQL_MODE = "NO_AUTO_VALUE_ON_ZERO";
SET time_zone = "+00:00";


/*!40101 SET @OLD_CHARACTER_SET_CLIENT=@@CHARACTER_SET_CLIENT */;
/*!40101 SET @OLD_CHARACTER_SET_RESULTS=@@CHARACTER_SET_RESULTS */;
/*!40101 SET @OLD_COLLATION_CONNECTION=@@COLLATION_CONNECTION */;
/*!40101 SET NAMES utf8 */;

--
-- Database: `antlog`
--

-- --------------------------------------------------------

--
-- Table structure for table `aws_entrant`
--

DROP TABLE IF EXISTS `aws_entrant`;
CREATE TABLE IF NOT EXISTS `aws_entrant` (
  `id` int(10) unsigned NOT NULL AUTO_INCREMENT,
  `eventId` int(10) unsigned NOT NULL COMMENT 'CONSTRAINT FOREIGN KEY (eventId) REFERENCES aws_event(id)',
  `robotId` int(10) unsigned NOT NULL COMMENT 'CONSTRAINT FOREIGN KEY (robotId) REFERENCES aws_robot(id)',
  `status` int(11) DEFAULT '-1',
  `finalFightId` int(11) NOT NULL DEFAULT '0' COMMENT 'CONSTRAINT FOREIGN KEY (finalFightId) REFERENCES aws_fights(id)',
  `group_num` int(11) DEFAULT NULL,
  PRIMARY KEY (`id`),
  UNIQUE KEY `EntrantID` (`id`)
) ENGINE=InnoDB  DEFAULT CHARSET=latin1 AUTO_INCREMENT=33 ;

--
-- Truncate table before insert `aws_entrant`
--

TRUNCATE TABLE `aws_entrant`;
--
-- Dumping data for table `aws_entrant`
--

INSERT INTO `aws_entrant` (`id`, `eventId`, `robotId`, `status`, `finalFightId`, `group_num`) VALUES
(1, 1, 1, 0, 251, 4),
(2, 1, 12, 0, 254, 3),
(3, 1, 13, 0, 248, 1),
(4, 1, 15, 0, 252, 2),
(5, 1, 16, 0, 220, 4),
(6, 1, 17, 2, 256, 1),
(7, 1, 19, 0, 225, 1),
(8, 1, 20, 0, 219, 3),
(9, 1, 21, 0, 250, 2),
(10, 1, 23, 0, 226, 2),
(11, 1, 29, 0, 227, 3),
(12, 1, 24, 0, 217, 1),
(13, 1, 32, 0, 228, 4),
(14, 1, 25, 0, 249, 3),
(15, 1, 26, 0, 253, 4),
(16, 1, 27, 0, 218, 2),
(17, 2, 1, 2, 0, NULL),
(18, 2, 14, 2, 0, NULL),
(19, 2, 15, 2, 0, NULL),
(20, 2, 16, 2, 0, NULL),
(21, 2, 20, 2, 0, NULL),
(22, 2, 21, 2, 0, NULL),
(23, 2, 23, 2, 0, NULL),
(24, 2, 29, 2, 0, NULL),
(25, 2, 24, 2, 0, NULL),
(26, 2, 34, 2, 0, NULL),
(27, 2, 25, 2, 0, NULL),
(28, 2, 36, 2, 0, NULL),
(29, 2, 26, 2, 0, NULL),
(30, 2, 38, 2, 0, NULL),
(31, 2, 41, 2, 0, NULL),
(32, 2, 42, 2, 0, NULL);

-- --------------------------------------------------------

--
-- Table structure for table `aws_event`
--

DROP TABLE IF EXISTS `aws_event`;
CREATE TABLE IF NOT EXISTS `aws_event` (
  `id` int(10) unsigned NOT NULL AUTO_INCREMENT,
  `name` varchar(20) NOT NULL,
  `eventDate` date NOT NULL,
  `state` enum('Complete','Running','Setup','Registration','Future') NOT NULL DEFAULT 'Registration',
  `classId` int(11) NOT NULL COMMENT 'CONSTRAINT FOREIGN KEY (classId) REFERENCES aws_robot_class(id)',
  `offset` int(11) DEFAULT NULL,
  PRIMARY KEY (`id`),
  UNIQUE KEY `id` (`id`)
) ENGINE=InnoDB  DEFAULT CHARSET=latin1 AUTO_INCREMENT=3 ;

--
-- Truncate table before insert `aws_event`
--

TRUNCATE TABLE `aws_event`;
--
-- Dumping data for table `aws_event`
--

INSERT INTO `aws_event` (`id`, `name`, `eventDate`, `state`, `classId`, `offset`) VALUES
(1, 'Test AWS', '2015-05-09', 'Complete', 1, 0),
(2, 'Test AWS Two', '2015-05-09', 'Registration', 1, NULL);

-- --------------------------------------------------------

--
-- Table structure for table `aws_fights`
--

DROP TABLE IF EXISTS `aws_fights`;
CREATE TABLE IF NOT EXISTS `aws_fights` (
  `id` int(10) unsigned NOT NULL AUTO_INCREMENT,
  `eventId` int(11) NOT NULL COMMENT 'CONSTRAINT FOREIGN KEY (eventId) REFERENCES aws_event(id)',
  `fightGroup` int(11) NOT NULL,
  `fightRound` int(11) NOT NULL,
  `fightBracket` set('W','L','F') NOT NULL,
  `fightNo` int(11) NOT NULL,
  `robot1Id` int(11) NOT NULL DEFAULT '-1' COMMENT 'CONSTRAINT FOREIGN KEY (robot1Id) REFERENCES aws_entrant(id)',
  `robot2Id` int(11) NOT NULL DEFAULT '-1' COMMENT 'CONSTRAINT FOREIGN KEY (robot2Id) REFERENCES aws_entrant(id)',
  `winnerId` int(11) NOT NULL DEFAULT '-1' COMMENT 'CONSTRAINT FOREIGN KEY (winnerId) REFERENCES aws_entrant(id)',
  `loserId` int(11) NOT NULL DEFAULT '-1' COMMENT 'CONSTRAINT FOREIGN KEY (loserId) REFERENCES aws_entrant(id)',
  `winnerNextFight` int(10) unsigned NOT NULL,
  `loserNextFight` int(10) unsigned NOT NULL,
  `sequence` int(11) NOT NULL DEFAULT '-1',
  PRIMARY KEY (`id`),
  UNIQUE KEY `FightID` (`id`)
) ENGINE=InnoDB  DEFAULT CHARSET=latin1 COMMENT='Double elimination template' AUTO_INCREMENT=256 ;

--
-- Truncate table before insert `aws_fights`
--

TRUNCATE TABLE `aws_fights`;
--
-- Dumping data for table `aws_fights`
--

INSERT INTO `aws_fights` (`id`, `eventId`, `fightGroup`, `fightRound`, `fightBracket`, `fightNo`, `robot1Id`, `robot2Id`, `winnerId`, `loserId`, `winnerNextFight`, `loserNextFight`, `sequence`) VALUES
(1, 1, 1, 1, 'W', 1, 6, 0, 6, 0, 96, 64, -1),
(2, 1, 1, 1, 'W', 2, 3, 0, 3, 0, 96, 64, -1),
(3, 1, 1, 1, 'W', 3, 7, 0, 7, 0, 96, 64, -1),
(4, 1, 1, 1, 'W', 4, 12, 0, 12, 0, 96, 64, -1),
(5, 1, 1, 1, 'W', 5, 0, 0, 0, 0, 92, 60, -1),
(6, 1, 1, 1, 'W', 6, 0, 0, 0, 0, 92, 60, -1),
(7, 1, 1, 1, 'W', 7, 0, 0, 0, 0, 92, 60, -1),
(8, 1, 1, 1, 'W', 8, 0, 0, 0, 0, 92, 60, -1),
(9, 1, 2, 1, 'W', 1, 16, 0, 16, 0, 92, 60, -1),
(10, 1, 2, 1, 'W', 2, 4, 0, 4, 0, 92, 60, -1),
(11, 1, 2, 1, 'W', 3, 10, 0, 10, 0, 92, 60, -1),
(12, 1, 2, 1, 'W', 4, 9, 0, 9, 0, 92, 60, -1),
(13, 1, 2, 1, 'W', 5, 0, 0, 0, 0, 88, 56, -1),
(14, 1, 2, 1, 'W', 6, 0, 0, 0, 0, 88, 56, -1),
(15, 1, 2, 1, 'W', 7, 0, 0, 0, 0, 88, 56, -1),
(16, 1, 2, 1, 'W', 8, 0, 0, 0, 0, 88, 56, -1),
(17, 1, 3, 1, 'W', 1, 2, 0, 2, 0, 88, 56, -1),
(18, 1, 3, 1, 'W', 2, 14, 0, 14, 0, 88, 56, -1),
(19, 1, 3, 1, 'W', 3, 11, 0, 11, 0, 88, 56, -1),
(20, 1, 3, 1, 'W', 4, 8, 0, 8, 0, 88, 56, -1),
(21, 1, 3, 1, 'W', 5, 0, 0, 0, 0, 84, 52, -1),
(22, 1, 3, 1, 'W', 6, 0, 0, 0, 0, 84, 52, -1),
(23, 1, 3, 1, 'W', 7, 0, 0, 0, 0, 84, 52, -1),
(24, 1, 3, 1, 'W', 8, 0, 0, 0, 0, 84, 52, -1),
(25, 1, 4, 1, 'W', 1, 5, 0, 5, 0, 84, 52, -1),
(26, 1, 4, 1, 'W', 2, 15, 0, 15, 0, 84, 52, -1),
(27, 1, 4, 1, 'W', 3, 13, 0, 13, 0, 84, 52, -1),
(28, 1, 4, 1, 'W', 4, 1, 0, 1, 0, 84, 52, -1),
(29, 1, 4, 1, 'W', 5, 0, 0, 0, 0, 80, 48, -1),
(30, 1, 4, 1, 'W', 6, 0, 0, 0, 0, 80, 48, -1),
(31, 1, 4, 1, 'W', 7, 0, 0, 0, 0, 80, 48, -1),
(32, 1, 4, 1, 'W', 8, 0, 0, 0, 0, 80, 48, -1),
(33, 1, 5, 1, 'W', 1, 0, 0, 0, 0, 80, 48, -1),
(34, 1, 5, 1, 'W', 2, 0, 0, 0, 0, 80, 48, -1),
(35, 1, 5, 1, 'W', 3, 0, 0, 0, 0, 80, 48, -1),
(36, 1, 5, 1, 'W', 4, 0, 0, 0, 0, 80, 48, -1),
(37, 1, 5, 1, 'W', 5, 0, 0, 0, 0, 76, 44, -1),
(38, 1, 5, 1, 'W', 6, 0, 0, 0, 0, 76, 44, -1),
(39, 1, 5, 1, 'W', 7, 0, 0, 0, 0, 76, 44, -1),
(40, 1, 5, 1, 'W', 8, 0, 0, 0, 0, 76, 44, -1),
(41, 1, 6, 1, 'W', 1, 0, 0, 0, 0, 76, 44, -1),
(42, 1, 6, 1, 'W', 2, 0, 0, 0, 0, 76, 44, -1),
(43, 1, 6, 1, 'W', 3, 0, 0, 0, 0, 76, 44, -1),
(44, 1, 6, 1, 'W', 4, 0, 0, 0, 0, 76, 44, -1),
(45, 1, 6, 1, 'W', 5, 0, 0, 0, 0, 72, 40, -1),
(46, 1, 6, 1, 'W', 6, 0, 0, 0, 0, 72, 40, -1),
(47, 1, 6, 1, 'W', 7, 0, 0, 0, 0, 72, 40, -1),
(48, 1, 6, 1, 'W', 8, 0, 0, 0, 0, 72, 40, -1),
(49, 1, 7, 1, 'W', 1, 0, 0, 0, 0, 72, 40, -1),
(50, 1, 7, 1, 'W', 2, 0, 0, 0, 0, 72, 40, -1),
(51, 1, 7, 1, 'W', 3, 0, 0, 0, 0, 72, 40, -1),
(52, 1, 7, 1, 'W', 4, 0, 0, 0, 0, 72, 40, -1),
(53, 1, 7, 1, 'W', 5, 0, 0, 0, 0, 68, 36, -1),
(54, 1, 7, 1, 'W', 6, 0, 0, 0, 0, 68, 36, -1),
(55, 1, 7, 1, 'W', 7, 0, 0, 0, 0, 68, 36, -1),
(56, 1, 7, 1, 'W', 8, 0, 0, 0, 0, 68, 36, -1),
(57, 1, 8, 1, 'W', 1, 0, 0, 0, 0, 68, 36, -1),
(58, 1, 8, 1, 'W', 2, 0, 0, 0, 0, 68, 36, -1),
(59, 1, 8, 1, 'W', 3, 0, 0, 0, 0, 68, 36, -1),
(60, 1, 8, 1, 'W', 4, 0, 0, 0, 0, 68, 36, -1),
(61, 1, 8, 1, 'W', 5, 0, 0, 0, 0, 64, 32, -1),
(62, 1, 8, 1, 'W', 6, 0, 0, 0, 0, 64, 32, -1),
(63, 1, 8, 1, 'W', 7, 0, 0, 0, 0, 64, 32, -1),
(64, 1, 8, 1, 'W', 8, 0, 0, 0, 0, 64, 32, -1),
(65, 1, 1, 2, 'L', 1, 0, 0, 0, 0, 64, 0, -1),
(66, 1, 1, 2, 'L', 2, 0, 0, 0, 0, 64, 0, -1),
(67, 1, 1, 2, 'L', 3, 0, 0, 0, 0, 64, 0, -1),
(68, 1, 1, 2, 'L', 4, 0, 0, 0, 0, 64, 0, -1),
(69, 1, 2, 2, 'L', 1, 0, 0, 0, 0, 64, 0, -1),
(70, 1, 2, 2, 'L', 2, 0, 0, 0, 0, 64, 0, -1),
(71, 1, 2, 2, 'L', 3, 0, 0, 0, 0, 64, 0, -1),
(72, 1, 2, 2, 'L', 4, 0, 0, 0, 0, 64, 0, -1),
(73, 1, 3, 2, 'L', 1, 0, 0, 0, 0, 64, 0, -1),
(74, 1, 3, 2, 'L', 2, 0, 0, 0, 0, 64, 0, -1),
(75, 1, 3, 2, 'L', 3, 0, 0, 0, 0, 64, 0, -1),
(76, 1, 3, 2, 'L', 4, 0, 0, 0, 0, 64, 0, -1),
(77, 1, 4, 2, 'L', 1, 0, 0, 0, 0, 64, 0, -1),
(78, 1, 4, 2, 'L', 2, 0, 0, 0, 0, 64, 0, -1),
(79, 1, 4, 2, 'L', 3, 0, 0, 0, 0, 64, 0, -1),
(80, 1, 4, 2, 'L', 4, 0, 0, 0, 0, 64, 0, -1),
(81, 1, 5, 2, 'L', 1, 0, 0, 0, 0, 64, 0, -1),
(82, 1, 5, 2, 'L', 2, 0, 0, 0, 0, 64, 0, -1),
(83, 1, 5, 2, 'L', 3, 0, 0, 0, 0, 64, 0, -1),
(84, 1, 5, 2, 'L', 4, 0, 0, 0, 0, 64, 0, -1),
(85, 1, 6, 2, 'L', 1, 0, 0, 0, 0, 64, 0, -1),
(86, 1, 6, 2, 'L', 2, 0, 0, 0, 0, 64, 0, -1),
(87, 1, 6, 2, 'L', 3, 0, 0, 0, 0, 64, 0, -1),
(88, 1, 6, 2, 'L', 4, 0, 0, 0, 0, 64, 0, -1),
(89, 1, 7, 2, 'L', 1, 0, 0, 0, 0, 64, 0, -1),
(90, 1, 7, 2, 'L', 2, 0, 0, 0, 0, 64, 0, -1),
(91, 1, 7, 2, 'L', 3, 0, 0, 0, 0, 64, 0, -1),
(92, 1, 7, 2, 'L', 4, 0, 0, 0, 0, 64, 0, -1),
(93, 1, 8, 2, 'L', 1, 0, 0, 0, 0, 64, 0, -1),
(94, 1, 8, 2, 'L', 2, 0, 0, 0, 0, 64, 0, -1),
(95, 1, 8, 2, 'L', 3, 0, 0, 0, 0, 64, 0, -1),
(96, 1, 8, 2, 'L', 4, 0, 0, 0, 0, 64, 0, -1),
(97, 1, 1, 2, 'W', 1, 0, 6, 6, 0, 64, 32, -1),
(98, 1, 1, 2, 'W', 2, 0, 3, 3, 0, 64, 32, -1),
(99, 1, 1, 2, 'W', 3, 0, 7, 7, 0, 62, 32, -1),
(100, 1, 1, 2, 'W', 4, 0, 12, 12, 0, 62, 32, -1),
(101, 1, 2, 2, 'W', 1, 0, 16, 16, 0, 62, 32, -1),
(102, 1, 2, 2, 'W', 2, 0, 4, 4, 0, 62, 32, -1),
(103, 1, 2, 2, 'W', 3, 0, 10, 10, 0, 60, 32, -1),
(104, 1, 2, 2, 'W', 4, 0, 9, 9, 0, 60, 32, -1),
(105, 1, 3, 2, 'W', 1, 0, 2, 2, 0, 60, 32, -1),
(106, 1, 3, 2, 'W', 2, 0, 14, 14, 0, 60, 32, -1),
(107, 1, 3, 2, 'W', 3, 0, 11, 11, 0, 58, 32, -1),
(108, 1, 3, 2, 'W', 4, 0, 8, 8, 0, 58, 32, -1),
(109, 1, 4, 2, 'W', 1, 0, 5, 5, 0, 58, 32, -1),
(110, 1, 4, 2, 'W', 2, 0, 15, 15, 0, 58, 32, -1),
(111, 1, 4, 2, 'W', 3, 0, 13, 13, 0, 56, 32, -1),
(112, 1, 4, 2, 'W', 4, 0, 1, 1, 0, 56, 32, -1),
(113, 1, 5, 2, 'W', 1, 0, 0, 0, 0, 56, 32, -1),
(114, 1, 5, 2, 'W', 2, 0, 0, 0, 0, 56, 32, -1),
(115, 1, 5, 2, 'W', 3, 0, 0, 0, 0, 54, 32, -1),
(116, 1, 5, 2, 'W', 4, 0, 0, 0, 0, 54, 32, -1),
(117, 1, 6, 2, 'W', 1, 0, 0, 0, 0, 54, 32, -1),
(118, 1, 6, 2, 'W', 2, 0, 0, 0, 0, 54, 32, -1),
(119, 1, 6, 2, 'W', 3, 0, 0, 0, 0, 52, 32, -1),
(120, 1, 6, 2, 'W', 4, 0, 0, 0, 0, 52, 32, -1),
(121, 1, 7, 2, 'W', 1, 0, 0, 0, 0, 52, 32, -1),
(122, 1, 7, 2, 'W', 2, 0, 0, 0, 0, 52, 32, -1),
(123, 1, 7, 2, 'W', 3, 0, 0, 0, 0, 50, 32, -1),
(124, 1, 7, 2, 'W', 4, 0, 0, 0, 0, 50, 32, -1),
(125, 1, 8, 2, 'W', 1, 0, 0, 0, 0, 50, 32, -1),
(126, 1, 8, 2, 'W', 2, 0, 0, 0, 0, 50, 32, -1),
(127, 1, 8, 2, 'W', 3, 0, 0, 0, 0, 48, 32, -1),
(128, 1, 8, 2, 'W', 4, 0, 0, 0, 0, 48, 32, -1),
(129, 1, 1, 3, 'L', 1, 0, 0, 0, 0, 48, 0, -1),
(130, 1, 1, 3, 'L', 2, 0, 0, 0, 0, 48, 0, -1),
(131, 1, 1, 3, 'L', 3, 0, 0, 0, 0, 46, 0, -1),
(132, 1, 1, 3, 'L', 4, 0, 0, 0, 0, 46, 0, -1),
(133, 1, 2, 3, 'L', 1, 0, 0, 0, 0, 46, 0, -1),
(134, 1, 2, 3, 'L', 2, 0, 0, 0, 0, 46, 0, -1),
(135, 1, 2, 3, 'L', 3, 0, 0, 0, 0, 44, 0, -1),
(136, 1, 2, 3, 'L', 4, 0, 0, 0, 0, 44, 0, -1),
(137, 1, 3, 3, 'L', 1, 0, 0, 0, 0, 44, 0, -1),
(138, 1, 3, 3, 'L', 2, 0, 0, 0, 0, 44, 0, -1),
(139, 1, 3, 3, 'L', 3, 0, 0, 0, 0, 42, 0, -1),
(140, 1, 3, 3, 'L', 4, 0, 0, 0, 0, 42, 0, -1),
(141, 1, 4, 3, 'L', 1, 0, 0, 0, 0, 42, 0, -1),
(142, 1, 4, 3, 'L', 2, 0, 0, 0, 0, 42, 0, -1),
(143, 1, 4, 3, 'L', 3, 0, 0, 0, 0, 40, 0, -1),
(144, 1, 4, 3, 'L', 4, 0, 0, 0, 0, 40, 0, -1),
(145, 1, 5, 3, 'L', 1, 0, 0, 0, 0, 40, 0, -1),
(146, 1, 5, 3, 'L', 2, 0, 0, 0, 0, 40, 0, -1),
(147, 1, 5, 3, 'L', 3, 0, 0, 0, 0, 38, 0, -1),
(148, 1, 5, 3, 'L', 4, 0, 0, 0, 0, 38, 0, -1),
(149, 1, 6, 3, 'L', 1, 0, 0, 0, 0, 38, 0, -1),
(150, 1, 6, 3, 'L', 2, 0, 0, 0, 0, 38, 0, -1),
(151, 1, 6, 3, 'L', 3, 0, 0, 0, 0, 36, 0, -1),
(152, 1, 6, 3, 'L', 4, 0, 0, 0, 0, 36, 0, -1),
(153, 1, 7, 3, 'L', 1, 0, 0, 0, 0, 36, 0, -1),
(154, 1, 7, 3, 'L', 2, 0, 0, 0, 0, 36, 0, -1),
(155, 1, 7, 3, 'L', 3, 0, 0, 0, 0, 34, 0, -1),
(156, 1, 7, 3, 'L', 4, 0, 0, 0, 0, 34, 0, -1),
(157, 1, 8, 3, 'L', 1, 0, 0, 0, 0, 34, 0, -1),
(158, 1, 8, 3, 'L', 2, 0, 0, 0, 0, 34, 0, -1),
(159, 1, 8, 3, 'L', 3, 0, 0, 0, 0, 32, 0, -1),
(160, 1, 8, 3, 'L', 4, 0, 0, 0, 0, 32, 0, -1),
(161, 1, 1, 3, 'W', 1, 6, 7, 6, 7, 32, 40, -1),
(162, 1, 1, 3, 'W', 2, 3, 12, 3, 12, 31, 40, -1),
(163, 1, 2, 3, 'W', 1, 16, 10, 10, 16, 31, 40, -1),
(164, 1, 2, 3, 'W', 2, 4, 9, 9, 4, 30, 40, -1),
(165, 1, 3, 3, 'W', 1, 2, 11, 2, 11, 30, 40, -1),
(166, 1, 3, 3, 'W', 2, 14, 8, 14, 8, 29, 40, -1),
(167, 1, 4, 3, 'W', 1, 5, 13, 13, 5, 29, 40, -1),
(168, 1, 4, 3, 'W', 2, 15, 1, 1, 15, 28, 40, -1),
(169, 1, 5, 3, 'W', 1, 0, 0, 0, 0, 28, 40, -1),
(170, 1, 5, 3, 'W', 2, 0, 0, 0, 0, 27, 40, -1),
(171, 1, 6, 3, 'W', 1, 0, 0, 0, 0, 27, 40, -1),
(172, 1, 6, 3, 'W', 2, 0, 0, 0, 0, 26, 40, -1),
(173, 1, 7, 3, 'W', 1, 0, 0, 0, 0, 26, 40, -1),
(174, 1, 7, 3, 'W', 2, 0, 0, 0, 0, 25, 40, -1),
(175, 1, 8, 3, 'W', 1, 0, 0, 0, 0, 25, 40, -1),
(176, 1, 8, 3, 'W', 2, 0, 0, 0, 0, 24, 40, -1),
(177, 1, 1, 4, 'L', 1, 0, 0, 0, 0, 24, 0, -1),
(178, 1, 1, 4, 'L', 2, 0, 0, 0, 0, 24, 0, -1),
(179, 1, 2, 4, 'L', 1, 0, 0, 0, 0, 24, 0, -1),
(180, 1, 2, 4, 'L', 2, 0, 0, 0, 0, 24, 0, -1),
(181, 1, 3, 4, 'L', 1, 0, 0, 0, 0, 24, 0, -1),
(182, 1, 3, 4, 'L', 2, 0, 0, 0, 0, 24, 0, -1),
(183, 1, 4, 4, 'L', 1, 0, 0, 0, 0, 24, 0, -1),
(184, 1, 4, 4, 'L', 2, 0, 0, 0, 0, 24, 0, -1),
(185, 1, 5, 4, 'L', 1, 0, 0, 0, 0, 24, 0, -1),
(186, 1, 5, 4, 'L', 2, 0, 0, 0, 0, 24, 0, -1),
(187, 1, 6, 4, 'L', 1, 0, 0, 0, 0, 24, 0, -1),
(188, 1, 6, 4, 'L', 2, 0, 0, 0, 0, 24, 0, -1),
(189, 1, 7, 4, 'L', 1, 0, 0, 0, 0, 24, 0, -1),
(190, 1, 7, 4, 'L', 2, 0, 0, 0, 0, 24, 0, -1),
(191, 1, 8, 4, 'L', 1, 0, 0, 0, 0, 24, 0, -1),
(192, 1, 8, 4, 'L', 2, 0, 0, 0, 0, 24, 0, -1),
(193, 1, 1, 4, 'W', 1, 6, 3, 6, 3, 40, 32, -1),
(194, 1, 2, 4, 'W', 1, 10, 9, 9, 10, 41, 32, -1),
(195, 1, 3, 4, 'W', 1, 2, 14, 2, 14, 39, 32, -1),
(196, 1, 4, 4, 'W', 1, 13, 1, 1, 13, 40, 32, -1),
(197, 1, 5, 4, 'W', 1, 0, 0, 0, 0, 36, 32, -1),
(198, 1, 6, 4, 'W', 1, 0, 0, 0, 0, 37, 32, -1),
(199, 1, 7, 4, 'W', 1, 0, 0, 0, 0, 35, 32, -1),
(200, 1, 8, 4, 'W', 1, 0, 0, 0, 0, 36, 32, -1),
(201, 1, 1, 5, 'L', 1, 0, 7, 7, 0, 16, 0, -1),
(202, 1, 1, 5, 'L', 1, 0, 12, 12, 0, 15, 0, -1),
(203, 1, 2, 5, 'L', 1, 0, 16, 16, 0, 15, 0, -1),
(204, 1, 2, 5, 'L', 1, 0, 4, 4, 0, 14, 0, -1),
(205, 1, 3, 5, 'L', 1, 0, 11, 11, 0, 14, 0, -1),
(206, 1, 3, 5, 'L', 1, 0, 8, 8, 0, 13, 0, -1),
(207, 1, 4, 5, 'L', 1, 0, 5, 5, 0, 13, 0, -1),
(208, 1, 4, 5, 'L', 1, 0, 15, 15, 0, 12, 0, -1),
(209, 1, 5, 5, 'L', 1, 0, 0, 0, 0, 12, 0, -1),
(210, 1, 5, 5, 'L', 1, 0, 0, 0, 0, 11, 0, -1),
(211, 1, 6, 5, 'L', 1, 0, 0, 0, 0, 11, 0, -1),
(212, 1, 6, 5, 'L', 1, 0, 0, 0, 0, 10, 0, -1),
(213, 1, 7, 5, 'L', 1, 0, 0, 0, 0, 10, 0, -1),
(214, 1, 7, 5, 'L', 1, 0, 0, 0, 0, 9, 0, -1),
(215, 1, 8, 5, 'L', 1, 0, 0, 0, 0, 9, 0, -1),
(216, 1, 8, 5, 'L', 1, 0, 0, 0, 0, 8, 0, -1),
(217, 1, 1, 6, 'L', 1, 7, 12, 7, 12, 8, 0, -1),
(218, 1, 2, 6, 'L', 1, 16, 4, 4, 16, 8, 0, -1),
(219, 1, 3, 6, 'L', 1, 11, 8, 11, 8, 8, 0, -1),
(220, 1, 4, 6, 'L', 1, 5, 15, 15, 5, 8, 0, -1),
(221, 1, 5, 6, 'L', 1, 0, 0, 0, 0, 8, 0, -1),
(222, 1, 6, 6, 'L', 1, 0, 0, 0, 0, 8, 0, -1),
(223, 1, 7, 6, 'L', 1, 0, 0, 0, 0, 8, 0, -1),
(224, 1, 8, 6, 'L', 1, 0, 0, 0, 0, 8, 0, -1),
(225, 1, 1, 7, 'L', 1, 3, 7, 3, 7, 12, 0, -1),
(226, 1, 2, 7, 'L', 1, 10, 4, 4, 10, 13, 0, -1),
(227, 1, 3, 7, 'L', 1, 14, 11, 14, 11, 11, 0, -1),
(228, 1, 4, 7, 'L', 1, 13, 15, 15, 13, 12, 0, -1),
(229, 1, 5, 7, 'L', 1, 0, 0, 0, 0, 8, 0, -1),
(230, 1, 6, 7, 'L', 1, 0, 0, 0, 0, 9, 0, -1),
(231, 1, 7, 7, 'L', 1, 0, 0, 0, 0, 7, 0, -1),
(232, 1, 8, 7, 'L', 1, 0, 0, 0, 0, 8, 0, -1),
(233, 1, 9, 8, 'W', 1, 0, 6, 6, 0, 8, 11, -1),
(234, 1, 9, 8, 'W', 2, 0, 2, 2, 0, 8, 12, -1),
(235, 1, 9, 8, 'W', 3, 0, 9, 9, 0, 6, 8, -1),
(236, 1, 9, 8, 'W', 4, 0, 1, 1, 0, 6, 9, -1),
(237, 1, 9, 8, 'L', 1, 0, 3, 3, 0, 6, 0, -1),
(238, 1, 9, 8, 'L', 2, 0, 14, 14, 0, 6, 0, -1),
(239, 1, 9, 8, 'L', 3, 0, 4, 4, 0, 6, 0, -1),
(240, 1, 9, 8, 'L', 4, 0, 15, 15, 0, 6, 0, -1),
(241, 1, 9, 9, 'W', 1, 6, 9, 6, 9, 6, 9, -1),
(242, 1, 9, 9, 'W', 2, 2, 1, 2, 1, 5, 9, -1),
(243, 1, 9, 9, 'L', 1, 0, 3, 3, 0, 5, 0, -1),
(244, 1, 9, 9, 'L', 2, 0, 14, 14, 0, 5, 0, -1),
(245, 1, 9, 9, 'L', 3, 0, 4, 4, 0, 3, 0, -1),
(246, 1, 9, 9, 'L', 4, 0, 15, 15, 0, 3, 0, -1),
(247, 1, 9, 10, 'W', 1, 6, 2, 6, 2, 7, 6, -1),
(248, 1, 9, 10, 'L', 1, 3, 4, 4, 3, 2, 0, -1),
(249, 1, 9, 10, 'L', 2, 14, 15, 15, 14, 2, 0, -1),
(250, 1, 9, 11, 'L', 1, 9, 4, 4, 9, 2, 0, -1),
(251, 1, 9, 11, 'L', 2, 1, 15, 15, 1, 1, 0, -1),
(252, 1, 9, 12, 'L', 1, 4, 15, 15, 4, 1, 0, -1),
(253, 1, 9, 13, 'L', 1, 2, 15, 2, 15, 1, 0, -1),
(254, 1, 10, 14, 'F', 1, 6, 2, 6, 2, 1, 1, -1),
(255, 1, 10, 15, 'F', 1, 6, 0, 6, 0, 0, 0, -1);

/*!40101 SET CHARACTER_SET_CLIENT=@OLD_CHARACTER_SET_CLIENT */;
/*!40101 SET CHARACTER_SET_RESULTS=@OLD_CHARACTER_SET_RESULTS */;
/*!40101 SET COLLATION_CONNECTION=@OLD_COLLATION_CONNECTION */;
