-- phpMyAdmin SQL Dump
-- version 4.0.9
-- http://www.phpmyadmin.net
--
-- Host: 127.0.0.1
-- Generation Time: Apr 24, 2016 at 10:59 PM
-- Server version: 5.6.14
-- PHP Version: 5.5.6

SET SQL_MODE = "NO_AUTO_VALUE_ON_ZERO";
SET time_zone = "+00:00";


/*!40101 SET @OLD_CHARACTER_SET_CLIENT=@@CHARACTER_SET_CLIENT */;
/*!40101 SET @OLD_CHARACTER_SET_RESULTS=@@CHARACTER_SET_RESULTS */;
/*!40101 SET @OLD_COLLATION_CONNECTION=@@COLLATION_CONNECTION */;
/*!40101 SET NAMES utf8 */;

--
-- Database: `antlog`
--
CREATE DATABASE IF NOT EXISTS `antlog` DEFAULT CHARACTER SET utf8 COLLATE utf8_unicode_ci;
USE `antlog`;

-- --------------------------------------------------------

--
-- Table structure for table `aws_current_fight`
--

DROP TABLE IF EXISTS `aws_current_fight`;
CREATE TABLE IF NOT EXISTS `aws_current_fight` (
  `id` int(11) NOT NULL AUTO_INCREMENT,
  `fightId` int(11) NOT NULL DEFAULT '0' COMMENT 'CONSTRAINT FOREIGN KEY (fightId) REFERENCES aws_fights(id)',
  `title` varchar(255) CHARACTER SET utf8 COLLATE utf8_unicode_ci DEFAULT NULL,
  `robot1` varchar(100) DEFAULT NULL,
  `robot2` varchar(100) DEFAULT NULL,
  `team1` varchar(255) CHARACTER SET utf8 COLLATE utf8_unicode_ci DEFAULT NULL,
  `team2` varchar(255) CHARACTER SET utf8 COLLATE utf8_unicode_ci DEFAULT NULL,
  `updated_at` int(11) NOT NULL,
  PRIMARY KEY (`id`)
) ENGINE=InnoDB  DEFAULT CHARSET=utf8 AUTO_INCREMENT=2 COMMENT='Current fight table' ;

--
-- Dumping data for table `aws_current_fight`
--

INSERT INTO `aws_current_fight` (`id`, `fightId`, `title`, `robot1`, `robot2`, `team1`, `team2`, `updated_at`) VALUES
(1, 0, NULL, NULL, NULL, NULL, NULL, 0);

--
-- Table structure for table `aws_double_elim`
--
DROP TABLE IF EXISTS `aws_double_elim`;
CREATE TABLE IF NOT EXISTS `aws_double_elim` (
  `id` int(10) unsigned NOT NULL AUTO_INCREMENT,
  `eventId` int(11) NOT NULL COMMENT 'CONSTRAINT FOREIGN KEY (eventId) REFERENCES aws_event(id)',
  `fightGroup` int(11) NOT NULL,
  `fightRound` int(11) NOT NULL,
  `fightBracket` set('W','L','F') NOT NULL,
  `fightNo` int(11) NOT NULL,
  `robot1Id` int(11) NOT NULL DEFAULT '-1' COMMENT 'CONSTRAINT FOREIGN KEY (robot1Id) REFERENCES aws_robot(id)',
  `robot2Id` int(11) NOT NULL DEFAULT '-1' COMMENT 'CONSTRAINT FOREIGN KEY (robot2Id) REFERENCES aws_robot(id)',
  `winnerId` int(11) NOT NULL DEFAULT '-1' COMMENT 'CONSTRAINT FOREIGN KEY (winnerId) REFERENCES aws_robot(id)',
  `loserId` int(11) NOT NULL DEFAULT '-1' COMMENT 'CONSTRAINT FOREIGN KEY (loserId) REFERENCES aws_robot(id)',
  `winnerNextFight` int(10) unsigned NOT NULL,
  `loserNextFight` int(10) unsigned NOT NULL,
  `sequence` int(11) NOT NULL DEFAULT '-1',
  PRIMARY KEY (`id`),
  UNIQUE KEY `FightID` (`id`)
) ENGINE=InnoDB  DEFAULT CHARSET=utf8 COMMENT='Double elimination template' AUTO_INCREMENT=256 ;

--
-- Dumping data for table `aws_double_elim`
--

INSERT INTO `aws_double_elim` (`id`, `eventId`, `fightGroup`, `fightRound`, `fightBracket`, `fightNo`, `robot1Id`, `robot2Id`, `winnerId`, `loserId`, `winnerNextFight`, `loserNextFight`, `sequence`) VALUES
(1, 0, 1, 1, 'W', 1, 0, 0, -1, -1, 96, 64, -1),
(2, 0, 1, 1, 'W', 2, 0, 0, -1, -1, 97, 65, -1),
(3, 0, 1, 1, 'W', 3, 0, 0, -1, -1, 95, 63, -1),
(4, 0, 1, 1, 'W', 4, 0, 0, -1, -1, 96, 64, -1),
(5, 0, 1, 1, 'W', 5, 0, 0, -1, -1, 92, 60, -1),
(6, 0, 1, 1, 'W', 6, 0, 0, -1, -1, 93, 61, -1),
(7, 0, 1, 1, 'W', 7, 0, 0, -1, -1, 91, 59, -1),
(8, 0, 1, 1, 'W', 8, 0, 0, -1, -1, 92, 60, -1),
(9, 0, 2, 1, 'W', 1, 0, 0, -1, -1, 92, 60, -1),
(10, 0, 2, 1, 'W', 2, 0, 0, -1, -1, 93, 61, -1),
(11, 0, 2, 1, 'W', 3, 0, 0, -1, -1, 91, 59, -1),
(12, 0, 2, 1, 'W', 4, 0, 0, -1, -1, 92, 60, -1),
(13, 0, 2, 1, 'W', 5, 0, 0, -1, -1, 88, 56, -1),
(14, 0, 2, 1, 'W', 6, 0, 0, -1, -1, 89, 57, -1),
(15, 0, 2, 1, 'W', 7, 0, 0, -1, -1, 87, 55, -1),
(16, 0, 2, 1, 'W', 8, 0, 0, -1, -1, 88, 56, -1),
(17, 0, 3, 1, 'W', 1, 0, 0, -1, -1, 88, 56, -1),
(18, 0, 3, 1, 'W', 2, 0, 0, -1, -1, 89, 57, -1),
(19, 0, 3, 1, 'W', 3, 0, 0, -1, -1, 87, 55, -1),
(20, 0, 3, 1, 'W', 4, 0, 0, -1, -1, 88, 56, -1),
(21, 0, 3, 1, 'W', 5, 0, 0, -1, -1, 84, 52, -1),
(22, 0, 3, 1, 'W', 6, 0, 0, -1, -1, 85, 53, -1),
(23, 0, 3, 1, 'W', 7, 0, 0, -1, -1, 83, 51, -1),
(24, 0, 3, 1, 'W', 8, 0, 0, -1, -1, 84, 52, -1),
(25, 0, 4, 1, 'W', 1, 0, 0, -1, -1, 84, 52, -1),
(26, 0, 4, 1, 'W', 2, 0, 0, -1, -1, 85, 53, -1),
(27, 0, 4, 1, 'W', 3, 0, 0, -1, -1, 83, 51, -1),
(28, 0, 4, 1, 'W', 4, 0, 0, -1, -1, 84, 52, -1),
(29, 0, 4, 1, 'W', 5, 0, 0, -1, -1, 80, 48, -1),
(30, 0, 4, 1, 'W', 6, 0, 0, -1, -1, 81, 49, -1),
(31, 0, 4, 1, 'W', 7, 0, 0, -1, -1, 79, 47, -1),
(32, 0, 4, 1, 'W', 8, 0, 0, -1, -1, 80, 48, -1),
(33, 0, 5, 1, 'W', 1, 0, 0, -1, -1, 80, 48, -1),
(34, 0, 5, 1, 'W', 2, 0, 0, -1, -1, 81, 49, -1),
(35, 0, 5, 1, 'W', 3, 0, 0, -1, -1, 79, 47, -1),
(36, 0, 5, 1, 'W', 4, 0, 0, -1, -1, 80, 48, -1),
(37, 0, 5, 1, 'W', 5, 0, 0, -1, -1, 76, 44, -1),
(38, 0, 5, 1, 'W', 6, 0, 0, -1, -1, 77, 45, -1),
(39, 0, 5, 1, 'W', 7, 0, 0, -1, -1, 75, 43, -1),
(40, 0, 5, 1, 'W', 8, 0, 0, -1, -1, 76, 44, -1),
(41, 0, 6, 1, 'W', 1, 0, 0, -1, -1, 76, 44, -1),
(42, 0, 6, 1, 'W', 2, 0, 0, -1, -1, 77, 45, -1),
(43, 0, 6, 1, 'W', 3, 0, 0, -1, -1, 75, 43, -1),
(44, 0, 6, 1, 'W', 4, 0, 0, -1, -1, 76, 44, -1),
(45, 0, 6, 1, 'W', 5, 0, 0, -1, -1, 72, 40, -1),
(46, 0, 6, 1, 'W', 6, 0, 0, -1, -1, 73, 41, -1),
(47, 0, 6, 1, 'W', 7, 0, 0, -1, -1, 71, 39, -1),
(48, 0, 6, 1, 'W', 8, 0, 0, -1, -1, 72, 40, -1),
(49, 0, 7, 1, 'W', 1, 0, 0, -1, -1, 72, 40, -1),
(50, 0, 7, 1, 'W', 2, 0, 0, -1, -1, 73, 41, -1),
(51, 0, 7, 1, 'W', 3, 0, 0, -1, -1, 71, 39, -1),
(52, 0, 7, 1, 'W', 4, 0, 0, -1, -1, 72, 40, -1),
(53, 0, 7, 1, 'W', 5, 0, 0, -1, -1, 68, 36, -1),
(54, 0, 7, 1, 'W', 6, 0, 0, -1, -1, 69, 37, -1),
(55, 0, 7, 1, 'W', 7, 0, 0, -1, -1, 67, 35, -1),
(56, 0, 7, 1, 'W', 8, 0, 0, -1, -1, 68, 36, -1),
(57, 0, 8, 1, 'W', 1, 0, 0, -1, -1, 68, 36, -1),
(58, 0, 8, 1, 'W', 2, 0, 0, -1, -1, 69, 37, -1),
(59, 0, 8, 1, 'W', 3, 0, 0, -1, -1, 67, 35, -1),
(60, 0, 8, 1, 'W', 4, 0, 0, -1, -1, 68, 36, -1),
(61, 0, 8, 1, 'W', 5, 0, 0, -1, -1, 64, 32, -1),
(62, 0, 8, 1, 'W', 6, 0, 0, -1, -1, 65, 33, -1),
(63, 0, 8, 1, 'W', 7, 0, 0, -1, -1, 63, 31, -1),
(64, 0, 8, 1, 'W', 8, 0, 0, -1, -1, 64, 32, -1),
(65, 0, 1, 2, 'L', 1, -1, -1, -1, -1, 64, 0, -1),
(66, 0, 1, 2, 'L', 2, -1, -1, -1, -1, 64, 0, -1),
(67, 0, 1, 2, 'L', 3, -1, -1, -1, -1, 64, 0, -1),
(68, 0, 1, 2, 'L', 4, -1, -1, -1, -1, 64, 0, -1),
(69, 0, 2, 2, 'L', 1, -1, -1, -1, -1, 64, 0, -1),
(70, 0, 2, 2, 'L', 2, -1, -1, -1, -1, 64, 0, -1),
(71, 0, 2, 2, 'L', 3, -1, -1, -1, -1, 64, 0, -1),
(72, 0, 2, 2, 'L', 4, -1, -1, -1, -1, 64, 0, -1),
(73, 0, 3, 2, 'L', 1, -1, -1, -1, -1, 64, 0, -1),
(74, 0, 3, 2, 'L', 2, -1, -1, -1, -1, 64, 0, -1),
(75, 0, 3, 2, 'L', 3, -1, -1, -1, -1, 64, 0, -1),
(76, 0, 3, 2, 'L', 4, -1, -1, -1, -1, 64, 0, -1),
(77, 0, 4, 2, 'L', 1, -1, -1, -1, -1, 64, 0, -1),
(78, 0, 4, 2, 'L', 2, -1, -1, -1, -1, 64, 0, -1),
(79, 0, 4, 2, 'L', 3, -1, -1, -1, -1, 64, 0, -1),
(80, 0, 4, 2, 'L', 4, -1, -1, -1, -1, 64, 0, -1),
(81, 0, 5, 2, 'L', 1, -1, -1, -1, -1, 64, 0, -1),
(82, 0, 5, 2, 'L', 2, -1, -1, -1, -1, 64, 0, -1),
(83, 0, 5, 2, 'L', 3, -1, -1, -1, -1, 64, 0, -1),
(84, 0, 5, 2, 'L', 4, -1, -1, -1, -1, 64, 0, -1),
(85, 0, 6, 2, 'L', 1, -1, -1, -1, -1, 64, 0, -1),
(86, 0, 6, 2, 'L', 2, -1, -1, -1, -1, 64, 0, -1),
(87, 0, 6, 2, 'L', 3, -1, -1, -1, -1, 64, 0, -1),
(88, 0, 6, 2, 'L', 4, -1, -1, -1, -1, 64, 0, -1),
(89, 0, 7, 2, 'L', 1, -1, -1, -1, -1, 64, 0, -1),
(90, 0, 7, 2, 'L', 2, -1, -1, -1, -1, 64, 0, -1),
(91, 0, 7, 2, 'L', 3, -1, -1, -1, -1, 64, 0, -1),
(92, 0, 7, 2, 'L', 4, -1, -1, -1, -1, 64, 0, -1),
(93, 0, 8, 2, 'L', 1, -1, -1, -1, -1, 64, 0, -1),
(94, 0, 8, 2, 'L', 2, -1, -1, -1, -1, 64, 0, -1),
(95, 0, 8, 2, 'L', 3, -1, -1, -1, -1, 64, 0, -1),
(96, 0, 8, 2, 'L', 4, -1, -1, -1, -1, 64, 0, -1),
(97, 0, 1, 2, 'W', 1, -1, -1, -1, -1, 64, 33, -1),
(98, 0, 1, 2, 'W', 2, -1, -1, -1, -1, 64, 31, -1),
(99, 0, 1, 2, 'W', 3, -1, -1, -1, -1, 62, 33, -1),
(100, 0, 1, 2, 'W', 4, -1, -1, -1, -1, 62, 31, -1),
(101, 0, 2, 2, 'W', 1, -1, -1, -1, -1, 62, 33, -1),
(102, 0, 2, 2, 'W', 2, -1, -1, -1, -1, 62, 31, -1),
(103, 0, 2, 2, 'W', 3, -1, -1, -1, -1, 60, 33, -1),
(104, 0, 2, 2, 'W', 4, -1, -1, -1, -1, 60, 31, -1),
(105, 0, 3, 2, 'W', 1, -1, -1, -1, -1, 60, 33, -1),
(106, 0, 3, 2, 'W', 2, -1, -1, -1, -1, 60, 31, -1),
(107, 0, 3, 2, 'W', 3, -1, -1, -1, -1, 58, 33, -1),
(108, 0, 3, 2, 'W', 4, -1, -1, -1, -1, 58, 31, -1),
(109, 0, 4, 2, 'W', 1, -1, -1, -1, -1, 58, 33, -1),
(110, 0, 4, 2, 'W', 2, -1, -1, -1, -1, 58, 31, -1),
(111, 0, 4, 2, 'W', 3, -1, -1, -1, -1, 56, 33, -1),
(112, 0, 4, 2, 'W', 4, -1, -1, -1, -1, 56, 31, -1),
(113, 0, 5, 2, 'W', 1, -1, -1, -1, -1, 56, 33, -1),
(114, 0, 5, 2, 'W', 2, -1, -1, -1, -1, 56, 31, -1),
(115, 0, 5, 2, 'W', 3, -1, -1, -1, -1, 54, 33, -1),
(116, 0, 5, 2, 'W', 4, -1, -1, -1, -1, 54, 31, -1),
(117, 0, 6, 2, 'W', 1, -1, -1, -1, -1, 54, 33, -1),
(118, 0, 6, 2, 'W', 2, -1, -1, -1, -1, 54, 31, -1),
(119, 0, 6, 2, 'W', 3, -1, -1, -1, -1, 52, 33, -1),
(120, 0, 6, 2, 'W', 4, -1, -1, -1, -1, 52, 31, -1),
(121, 0, 7, 2, 'W', 1, -1, -1, -1, -1, 52, 33, -1),
(122, 0, 7, 2, 'W', 2, -1, -1, -1, -1, 52, 31, -1),
(123, 0, 7, 2, 'W', 3, -1, -1, -1, -1, 50, 33, -1),
(124, 0, 7, 2, 'W', 4, -1, -1, -1, -1, 50, 31, -1),
(125, 0, 8, 2, 'W', 1, -1, -1, -1, -1, 50, 33, -1),
(126, 0, 8, 2, 'W', 2, -1, -1, -1, -1, 50, 31, -1),
(127, 0, 8, 2, 'W', 3, -1, -1, -1, -1, 48, 33, -1),
(128, 0, 8, 2, 'W', 4, -1, -1, -1, -1, 48, 31, -1),
(129, 0, 1, 3, 'L', 1, -1, -1, -1, -1, 48, 0, -1),
(130, 0, 1, 3, 'L', 2, -1, -1, -1, -1, 48, 0, -1),
(131, 0, 1, 3, 'L', 3, -1, -1, -1, -1, 46, 0, -1),
(132, 0, 1, 3, 'L', 4, -1, -1, -1, -1, 46, 0, -1),
(133, 0, 2, 3, 'L', 1, -1, -1, -1, -1, 46, 0, -1),
(134, 0, 2, 3, 'L', 2, -1, -1, -1, -1, 46, 0, -1),
(135, 0, 2, 3, 'L', 3, -1, -1, -1, -1, 44, 0, -1),
(136, 0, 2, 3, 'L', 4, -1, -1, -1, -1, 44, 0, -1),
(137, 0, 3, 3, 'L', 1, -1, -1, -1, -1, 44, 0, -1),
(138, 0, 3, 3, 'L', 2, -1, -1, -1, -1, 44, 0, -1),
(139, 0, 3, 3, 'L', 3, -1, -1, -1, -1, 42, 0, -1),
(140, 0, 3, 3, 'L', 4, -1, -1, -1, -1, 42, 0, -1),
(141, 0, 4, 3, 'L', 1, -1, -1, -1, -1, 42, 0, -1),
(142, 0, 4, 3, 'L', 2, -1, -1, -1, -1, 42, 0, -1),
(143, 0, 4, 3, 'L', 3, -1, -1, -1, -1, 40, 0, -1),
(144, 0, 4, 3, 'L', 4, -1, -1, -1, -1, 40, 0, -1),
(145, 0, 5, 3, 'L', 1, -1, -1, -1, -1, 40, 0, -1),
(146, 0, 5, 3, 'L', 2, -1, -1, -1, -1, 40, 0, -1),
(147, 0, 5, 3, 'L', 3, -1, -1, -1, -1, 38, 0, -1),
(148, 0, 5, 3, 'L', 4, -1, -1, -1, -1, 38, 0, -1),
(149, 0, 6, 3, 'L', 1, -1, -1, -1, -1, 38, 0, -1),
(150, 0, 6, 3, 'L', 2, -1, -1, -1, -1, 38, 0, -1),
(151, 0, 6, 3, 'L', 3, -1, -1, -1, -1, 36, 0, -1),
(152, 0, 6, 3, 'L', 4, -1, -1, -1, -1, 36, 0, -1),
(153, 0, 7, 3, 'L', 1, -1, -1, -1, -1, 36, 0, -1),
(154, 0, 7, 3, 'L', 2, -1, -1, -1, -1, 36, 0, -1),
(155, 0, 7, 3, 'L', 3, -1, -1, -1, -1, 34, 0, -1),
(156, 0, 7, 3, 'L', 4, -1, -1, -1, -1, 34, 0, -1),
(157, 0, 8, 3, 'L', 1, -1, -1, -1, -1, 34, 0, -1),
(158, 0, 8, 3, 'L', 2, -1, -1, -1, -1, 34, 0, -1),
(159, 0, 8, 3, 'L', 3, -1, -1, -1, -1, 32, 0, -1),
(160, 0, 8, 3, 'L', 4, -1, -1, -1, -1, 32, 0, -1),
(161, 0, 1, 3, 'W', 1, -1, -1, -1, -1, 32, 40, -1),
(162, 0, 1, 3, 'W', 2, -1, -1, -1, -1, 31, 40, -1),
(163, 0, 2, 3, 'W', 1, -1, -1, -1, -1, 31, 40, -1),
(164, 0, 2, 3, 'W', 2, -1, -1, -1, -1, 30, 40, -1),
(165, 0, 3, 3, 'W', 1, -1, -1, -1, -1, 30, 40, -1),
(166, 0, 3, 3, 'W', 2, -1, -1, -1, -1, 29, 40, -1),
(167, 0, 4, 3, 'W', 1, -1, -1, -1, -1, 29, 40, -1),
(168, 0, 4, 3, 'W', 2, -1, -1, -1, -1, 28, 40, -1),
(169, 0, 5, 3, 'W', 1, -1, -1, -1, -1, 28, 40, -1),
(170, 0, 5, 3, 'W', 2, -1, -1, -1, -1, 27, 40, -1),
(171, 0, 6, 3, 'W', 1, -1, -1, -1, -1, 27, 40, -1),
(172, 0, 6, 3, 'W', 2, -1, -1, -1, -1, 26, 40, -1),
(173, 0, 7, 3, 'W', 1, -1, -1, -1, -1, 26, 40, -1),
(174, 0, 7, 3, 'W', 2, -1, -1, -1, -1, 25, 40, -1),
(175, 0, 8, 3, 'W', 1, -1, -1, -1, -1, 25, 40, -1),
(176, 0, 8, 3, 'W', 2, -1, -1, -1, -1, 24, 40, -1),
(177, 0, 1, 4, 'L', 1, -1, -1, -1, -1, 24, 0, -1),
(178, 0, 1, 4, 'L', 2, -1, -1, -1, -1, 24, 0, -1),
(179, 0, 2, 4, 'L', 1, -1, -1, -1, -1, 24, 0, -1),
(180, 0, 2, 4, 'L', 2, -1, -1, -1, -1, 24, 0, -1),
(181, 0, 3, 4, 'L', 1, -1, -1, -1, -1, 24, 0, -1),
(182, 0, 3, 4, 'L', 2, -1, -1, -1, -1, 24, 0, -1),
(183, 0, 4, 4, 'L', 1, -1, -1, -1, -1, 24, 0, -1),
(184, 0, 4, 4, 'L', 2, -1, -1, -1, -1, 24, 0, -1),
(185, 0, 5, 4, 'L', 1, -1, -1, -1, -1, 24, 0, -1),
(186, 0, 5, 4, 'L', 2, -1, -1, -1, -1, 24, 0, -1),
(187, 0, 6, 4, 'L', 1, -1, -1, -1, -1, 24, 0, -1),
(188, 0, 6, 4, 'L', 2, -1, -1, -1, -1, 24, 0, -1),
(189, 0, 7, 4, 'L', 1, -1, -1, -1, -1, 24, 0, -1),
(190, 0, 7, 4, 'L', 2, -1, -1, -1, -1, 24, 0, -1),
(191, 0, 8, 4, 'L', 1, -1, -1, -1, -1, 24, 0, -1),
(192, 0, 8, 4, 'L', 2, -1, -1, -1, -1, 24, 0, -1),
(193, 0, 1, 4, 'W', 1, -1, -1, -1, -1, 40, 32, -1),
(194, 0, 2, 4, 'W', 1, -1, -1, -1, -1, 40, 32, -1),
(195, 0, 3, 4, 'W', 1, -1, -1, -1, -1, 40, 32, -1),
(196, 0, 4, 4, 'W', 1, -1, -1, -1, -1, 40, 32, -1),
(197, 0, 5, 4, 'W', 1, -1, -1, -1, -1, 36, 32, -1),
(198, 0, 6, 4, 'W', 1, -1, -1, -1, -1, 36, 32, -1),
(199, 0, 7, 4, 'W', 1, -1, -1, -1, -1, 36, 32, -1),
(200, 0, 8, 4, 'W', 1, -1, -1, -1, -1, 36, 32, -1),
(201, 0, 1, 5, 'L', 1, -1, -1, -1, -1, 16, 0, -1),
(202, 0, 1, 5, 'L', 1, -1, -1, -1, -1, 15, 0, -1),
(203, 0, 2, 5, 'L', 1, -1, -1, -1, -1, 15, 0, -1),
(204, 0, 2, 5, 'L', 1, -1, -1, -1, -1, 14, 0, -1),
(205, 0, 3, 5, 'L', 1, -1, -1, -1, -1, 14, 0, -1),
(206, 0, 3, 5, 'L', 1, -1, -1, -1, -1, 13, 0, -1),
(207, 0, 4, 5, 'L', 1, -1, -1, -1, -1, 13, 0, -1),
(208, 0, 4, 5, 'L', 1, -1, -1, -1, -1, 12, 0, -1),
(209, 0, 5, 5, 'L', 1, -1, -1, -1, -1, 12, 0, -1),
(210, 0, 5, 5, 'L', 1, -1, -1, -1, -1, 11, 0, -1),
(211, 0, 6, 5, 'L', 1, -1, -1, -1, -1, 11, 0, -1),
(212, 0, 6, 5, 'L', 1, -1, -1, -1, -1, 10, 0, -1),
(213, 0, 7, 5, 'L', 1, -1, -1, -1, -1, 10, 0, -1),
(214, 0, 7, 5, 'L', 1, -1, -1, -1, -1, 9, 0, -1),
(215, 0, 8, 5, 'L', 1, -1, -1, -1, -1, 9, 0, -1),
(216, 0, 8, 5, 'L', 1, -1, -1, -1, -1, 8, 0, -1),
(217, 0, 1, 6, 'L', 1, -1, -1, -1, -1, 8, 0, -1),
(218, 0, 2, 6, 'L', 1, -1, -1, -1, -1, 8, 0, -1),
(219, 0, 3, 6, 'L', 1, -1, -1, -1, -1, 8, 0, -1),
(220, 0, 4, 6, 'L', 1, -1, -1, -1, -1, 8, 0, -1),
(221, 0, 5, 6, 'L', 1, -1, -1, -1, -1, 8, 0, -1),
(222, 0, 6, 6, 'L', 1, -1, -1, -1, -1, 8, 0, -1),
(223, 0, 7, 6, 'L', 1, -1, -1, -1, -1, 8, 0, -1),
(224, 0, 8, 6, 'L', 1, -1, -1, -1, -1, 8, 0, -1),
(225, 0, 1, 7, 'L', 1, -1, -1, -1, -1, 12, 0, -1),
(226, 0, 2, 7, 'L', 1, -1, -1, -1, -1, 12, 0, -1),
(227, 0, 3, 7, 'L', 1, -1, -1, -1, -1, 12, 0, -1),
(228, 0, 4, 7, 'L', 1, -1, -1, -1, -1, 12, 0, -1),
(229, 0, 5, 7, 'L', 1, -1, -1, -1, -1, 8, 0, -1),
(230, 0, 6, 7, 'L', 1, -1, -1, -1, -1, 8, 0, -1),
(231, 0, 7, 7, 'L', 1, -1, -1, -1, -1, 8, 0, -1),
(232, 0, 8, 7, 'L', 1, -1, -1, -1, -1, 8, 0, -1),
(233, 0, 9, 8, 'W', 1, -1, -1, -1, -1, 8, 11, -1),
(234, 0, 9, 8, 'W', 2, -1, -1, -1, -1, 8, 12, -1),
(235, 0, 9, 8, 'W', 3, -1, -1, -1, -1, 6, 8, -1),
(236, 0, 9, 8, 'W', 4, -1, -1, -1, -1, 6, 9, -1),
(237, 0, 9, 8, 'L', 1, -1, -1, -1, -1, 6, 0, -1),
(238, 0, 9, 8, 'L', 2, -1, -1, -1, -1, 6, 0, -1),
(239, 0, 9, 8, 'L', 3, -1, -1, -1, -1, 6, 0, -1),
(240, 0, 9, 8, 'L', 4, -1, -1, -1, -1, 6, 0, -1),
(241, 0, 9, 9, 'W', 1, -1, -1, -1, -1, 6, 9, -1),
(242, 0, 9, 9, 'W', 2, -1, -1, -1, -1, 5, 9, -1),
(243, 0, 9, 9, 'L', 1, -1, -1, -1, -1, 5, 0, -1),
(244, 0, 9, 9, 'L', 2, -1, -1, -1, -1, 5, 0, -1),
(245, 0, 9, 9, 'L', 3, -1, -1, -1, -1, 3, 0, -1),
(246, 0, 9, 9, 'L', 4, -1, -1, -1, -1, 3, 0, -1),
(247, 0, 9, 10, 'W', 1, -1, -1, -1, -1, 7, 6, -1),
(248, 0, 9, 10, 'L', 1, -1, -1, -1, -1, 2, 0, -1),
(249, 0, 9, 10, 'L', 2, -1, -1, -1, -1, 2, 0, -1),
(250, 0, 9, 11, 'L', 1, -1, -1, -1, -1, 2, 0, -1),
(251, 0, 9, 11, 'L', 2, -1, -1, -1, -1, 1, 0, -1),
(252, 0, 9, 12, 'L', 1, -1, -1, -1, -1, 1, 0, -1),
(253, 0, 9, 13, 'L', 1, -1, -1, -1, -1, 1, 0, -1),
(254, 0, 10, 14, 'F', 1, -1, -1, -1, -1, 1, 1, -1),
(255, 0, 10, 15, 'F', 1, -1, -1, -1, -1, 0, 0, -1);

-- --------------------------------------------------------

--
-- Table structure for table `aws_entrant`
--
DROP TABLE IF EXISTS `aws_entrant`;
CREATE TABLE IF NOT EXISTS `aws_entrant` (
  `id` int(10) NOT NULL AUTO_INCREMENT,
  `eventId` int(10) unsigned NOT NULL COMMENT 'CONSTRAINT FOREIGN KEY (eventId) REFERENCES aws_event(id)',
  `robotId` int(10) unsigned NOT NULL COMMENT 'CONSTRAINT FOREIGN KEY (robotId) REFERENCES aws_robot(id)',
  `status` int(11) DEFAULT '-1',
  `finalFightId` int(11) NOT NULL DEFAULT '0' COMMENT 'CONSTRAINT FOREIGN KEY (finalFightId) REFERENCES aws_fights(id)',
  `group_num` int(11) DEFAULT NULL,
  `created_at` int(11) NOT NULL DEFAULT '0',
  `updated_at` int(11) NOT NULL DEFAULT '0',
  PRIMARY KEY (`id`),
  UNIQUE KEY `EntrantID` (`id`)
) ENGINE=InnoDB  DEFAULT CHARSET=utf8 AUTO_INCREMENT=49 ;

--
-- Dumping data for table `aws_entrant`
--

INSERT INTO `aws_entrant` (`id`, `eventId`, `robotId`, `status`, `finalFightId`, `group_num`, `created_at`, `updated_at`) VALUES
(1, 1, 28, 0, 204, 2, 1445033779, 1445619081),
(2, 1, 26, 0, 248, 1, 1445033790, 1445619218),
(3, 1, 1, 0, 177, 1, 1445106364, 1445619007),
(4, 1, 3, 0, 252, 3, 1445106375, 1445619344),
(5, 1, 4, 0, 253, 1, 1445106402, 1445619349),
(6, 1, 5, 0, 180, 2, 1445106412, 1445619019),
(7, 1, 6, 0, 220, 4, 1445106696, 1445619118),
(8, 1, 9, 0, 208, 4, 1445106724, 1445619097),
(9, 1, 12, 0, 203, 2, 1445106749, 1445619077),
(10, 1, 14, 0, 202, 1, 1445106756, 1445619073),
(11, 1, 15, 0, 182, 3, 1445106779, 1445619031),
(12, 1, 16, 0, 217, 1, 1445106785, 1445619106),
(13, 1, 19, 0, 225, 1, 1445106812, 1445619134),
(14, 1, 22, 0, 226, 2, 1445106819, 1445619141),
(15, 1, 29, 0, 219, 3, 1445106884, 1445619114),
(16, 1, 30, 0, 254, 2, 1445106889, 1445619357),
(17, 1, 33, 0, 184, 4, 1445107375, 1445619039),
(18, 1, 35, 0, 183, 4, 1445107424, 1445619035),
(19, 1, 43, 0, 228, 4, 1445107450, 1445619150),
(20, 1, 49, 0, 249, 4, 1445107486, 1445619222),
(21, 1, 50, 0, 206, 3, 1445107549, 1445619089),
(22, 1, 51, 0, 207, 4, 1445107577, 1445619093),
(23, 1, 54, 2, 256, 4, 1445107645, 1445619357),
(24, 1, 55, 0, 181, 3, 1445107672, 1445619027),
(25, 1, 56, 0, 218, 2, 1445107696, 1445619110),
(26, 1, 60, 0, 250, 3, 1445107739, 1445619248),
(27, 1, 61, 0, 205, 3, 1445548409, 1445619085),
(28, 1, 65, 0, 251, 2, 1445548429, 1445619253),
(29, 1, 62, 0, 178, 1, 1445548450, 1445619011),
(30, 1, 66, 0, 179, 2, 1445548473, 1445619015),
(31, 1, 38, 0, 97, 1, 1445548497, 1445619070),
(32, 1, 40, 0, 227, 3, 1445548533, 1445619145),
(33, 2, 2, 2, 0, 1, 1461530264, 1461531459),
(34, 2, 4, 2, 0, 1, 1461530300, 1461531461),
(35, 2, 25, 2, 0, 2, 1461530309, 1461531462),
(36, 2, 6, 2, 0, 2, 1461530338, 1461531464),
(37, 2, 8, 2, 0, 1, 1461530344, 1461531465),
(38, 2, 9, 2, 0, 2, 1461530369, 1461531467),
(39, 2, 10, 2, 0, 1, 1461530376, 1461531469),
(40, 2, 12, 2, 0, 2, 1461530398, 1461531471),
(41, 2, 13, 2, 0, 1, 1461530404, 1461531473),
(42, 2, 15, 2, 0, 2, 1461530430, 1461531474),
(43, 2, 16, 2, 0, 1, 1461530437, 1461531475),
(44, 2, 19, 2, 0, 2, 1461530463, 1461531476),
(45, 2, 23, 2, 0, 1, 1461530474, 1461531477),
(46, 2, 3, 2, 0, 2, 1461530502, 1461531478),
(47, 2, 26, 2, 0, 2, 1461530525, 1461531481),
(48, 2, 27, 2, 0, 1, 1461530533, 1461531482);

-- --------------------------------------------------------

--
-- Table structure for table `aws_event`
--
DROP TABLE IF EXISTS `aws_event`;
CREATE TABLE IF NOT EXISTS `aws_event` (
  `id` int(10) NOT NULL AUTO_INCREMENT,
  `name` varchar(100) CHARACTER SET utf8 COLLATE utf8_unicode_ci NOT NULL,
  `eventDate` date NOT NULL,
  `state` enum('Complete','Running','Ready','Setup','Closed','Registration','Future') NOT NULL DEFAULT 'Registration',
  `classId` int(11) NOT NULL COMMENT 'CONSTRAINT FOREIGN KEY (classId) REFERENCES aws_robot_class(id)',
  `eventType` tinyint(4) NOT NULL DEFAULT '1' COMMENT 'CONSTRAINT FOREIGN KEY (eventType) REFERENCES aws_event_type(id)',
  `num_groups` tinyint(4) NOT NULL DEFAULT '0',
  `offset` int(11) DEFAULT NULL,
  `created_at` int(11) NOT NULL DEFAULT '0',
  `updated_at` int(11) NOT NULL DEFAULT '0',
  `organiserId` int(10) unsigned NOT NULL COMMENT 'CONSTRAINT FOREIGN KEY (organiserId) REFERENCES aws_user(id)',
  `venue` text CHARACTER SET utf8 NOT NULL,
  PRIMARY KEY (`id`),
  UNIQUE KEY `id` (`id`)
) ENGINE=InnoDB  DEFAULT CHARSET=utf8 AUTO_INCREMENT=3 ;

--
-- Dumping data for table `aws_event`
--

INSERT INTO `aws_event` (`id`, `name`, `eventDate`, `state`, `classId`, `eventType`, `num_groups`, `offset`, `created_at`, `updated_at`, `organiserId`, `venue`) VALUES
(1, 'Battle Of The Bands 1', '2015-10-17', 'Complete', 3, 1, 4, 0, 1445033692, 1445619357, 10, 'Dusseldorf'),
(2, 'Battle of the Bands 2', '2016-04-24', 'Running', 3, 1, 2, 255, 1461530247, 1461531514, 2, 'Somewhere');

-- --------------------------------------------------------

--
-- Table structure for table `aws_event_type`
--
DROP TABLE IF EXISTS `aws_event_type`;
CREATE TABLE IF NOT EXISTS `aws_event_type` (
  `id` int(11) NOT NULL AUTO_INCREMENT,
  `name` varchar(32) CHARACTER SET utf8 COLLATE utf8_unicode_ci NOT NULL,
  PRIMARY KEY (`id`)
) ENGINE=InnoDB  DEFAULT CHARSET=utf8 AUTO_INCREMENT=2 ;

--
-- Dumping data for table `aws_event_type`
--

INSERT INTO `aws_event_type` (`id`, `name`) VALUES
(1, 'double_elim');

-- --------------------------------------------------------

--
-- Table structure for table `aws_fights`
--
DROP TABLE IF EXISTS `aws_fights`;
CREATE TABLE IF NOT EXISTS `aws_fights` (
  `id` int(10) NOT NULL AUTO_INCREMENT,
  `eventId` int(11) NOT NULL COMMENT 'CONSTRAINT FOREIGN KEY (eventId) REFERENCES aws_event(id)',
  `fightGroup` int(11) NOT NULL,
  `fightRound` int(11) NOT NULL,
  `fightBracket` set('W','L','F') NOT NULL,
  `fightNo` int(11) NOT NULL,
  `robot1Id` int(11) NOT NULL DEFAULT '-1' COMMENT 'CONSTRAINT FOREIGN KEY (robot1Id) REFERENCES aws_entrant(id)',
  `robot2Id` int(11) NOT NULL DEFAULT '-1' COMMENT 'CONSTRAINT FOREIGN KEY (robot2Id) REFERENCES aws_entrant(id)',
  `winnerId` int(11) NOT NULL DEFAULT '-1' COMMENT 'CONSTRAINT FOREIGN KEY (winnerId) REFERENCES aws_entrant(id)',
  `loserId` int(11) NOT NULL DEFAULT '-1' COMMENT 'CONSTRAINT FOREIGN KEY (loserId) REFERENCES aws_entrant(id)',
  `winnerNextFight` int(10) unsigned NOT NULL,
  `loserNextFight` int(10) unsigned NOT NULL,
  `sequence` int(11) NOT NULL DEFAULT '-1',
  `current` tinyint(1) NOT NULL DEFAULT '0',
  `created_at` int(11) NOT NULL DEFAULT '0',
  `updated_at` int(11) NOT NULL DEFAULT '0',
  PRIMARY KEY (`id`),
  UNIQUE KEY `FightID` (`id`)
) ENGINE=InnoDB  DEFAULT CHARSET=utf8 AUTO_INCREMENT=511 ;

--
-- Dumping data for table `aws_fights`
--

INSERT INTO `aws_fights` (`id`, `eventId`, `fightGroup`, `fightRound`, `fightBracket`, `fightNo`, `robot1Id`, `robot2Id`, `winnerId`, `loserId`, `winnerNextFight`, `loserNextFight`, `sequence`, `created_at`, `updated_at`) VALUES
(1, 1, 1, 1, 'W', 1, 5, 0, 5, 0, 96, 64, 148, 0, 1445548884),
(2, 1, 1, 1, 'W', 2, 29, 0, 29, 0, 96, 64, 148, 0, 1445548884),
(3, 1, 1, 1, 'W', 3, 13, 0, 13, 0, 96, 64, 148, 0, 1445548884),
(4, 1, 1, 1, 'W', 4, 12, 0, 12, 0, 96, 64, 148, 0, 1445548884),
(5, 1, 1, 1, 'W', 5, 31, 0, 31, 0, 92, 60, 148, 0, 1445548885),
(6, 1, 1, 1, 'W', 6, 10, 0, 10, 0, 92, 60, 149, 0, 1445548885),
(7, 1, 1, 1, 'W', 7, 3, 0, 3, 0, 92, 60, 150, 0, 1445548885),
(8, 1, 1, 1, 'W', 8, 2, 0, 2, 0, 92, 60, 151, 0, 1445548885),
(9, 1, 2, 1, 'W', 1, 14, 0, 14, 0, 92, 60, 152, 0, 1445548886),
(10, 1, 2, 1, 'W', 2, 28, 0, 28, 0, 92, 60, 152, 0, 1445548886),
(11, 1, 2, 1, 'W', 3, 25, 0, 25, 0, 92, 60, 152, 0, 1445548886),
(12, 1, 2, 1, 'W', 4, 16, 0, 16, 0, 92, 60, 152, 0, 1445548886),
(13, 1, 2, 1, 'W', 5, 9, 0, 9, 0, 88, 56, 152, 0, 1445548886),
(14, 1, 2, 1, 'W', 6, 1, 0, 1, 0, 88, 56, 153, 0, 1445548886),
(15, 1, 2, 1, 'W', 7, 30, 0, 30, 0, 88, 56, 154, 0, 1445548887),
(16, 1, 2, 1, 'W', 8, 6, 0, 6, 0, 88, 56, 155, 0, 1445548887),
(17, 1, 3, 1, 'W', 1, 24, 0, 24, 0, 88, 56, 156, 0, 1445548887),
(18, 1, 3, 1, 'W', 2, 4, 0, 4, 0, 88, 56, 156, 0, 1445548887),
(19, 1, 3, 1, 'W', 3, 32, 0, 32, 0, 88, 56, 156, 0, 1445548887),
(20, 1, 3, 1, 'W', 4, 21, 0, 21, 0, 88, 56, 156, 0, 1445548888),
(21, 1, 3, 1, 'W', 5, 27, 0, 27, 0, 84, 52, 156, 0, 1445548888),
(22, 1, 3, 1, 'W', 6, 11, 0, 11, 0, 84, 52, 157, 0, 1445548888),
(23, 1, 3, 1, 'W', 7, 26, 0, 26, 0, 84, 52, 158, 0, 1445548888),
(24, 1, 3, 1, 'W', 8, 15, 0, 15, 0, 84, 52, 159, 0, 1445548889),
(25, 1, 4, 1, 'W', 1, 18, 0, 18, 0, 84, 52, 160, 0, 1445548889),
(26, 1, 4, 1, 'W', 2, 8, 0, 8, 0, 84, 52, 160, 0, 1445548889),
(27, 1, 4, 1, 'W', 3, 7, 0, 7, 0, 84, 52, 160, 0, 1445548889),
(28, 1, 4, 1, 'W', 4, 17, 0, 17, 0, 84, 52, 160, 0, 1445548889),
(29, 1, 4, 1, 'W', 5, 22, 0, 22, 0, 80, 48, 160, 0, 1445548889),
(30, 1, 4, 1, 'W', 6, 20, 0, 20, 0, 80, 48, 161, 0, 1445548890),
(31, 1, 4, 1, 'W', 7, 19, 0, 19, 0, 80, 48, 162, 0, 1445548890),
(32, 1, 4, 1, 'W', 8, 23, 0, 23, 0, 80, 48, 163, 0, 1445548890),
(33, 1, 5, 1, 'W', 1, 0, 0, 0, 0, 80, 48, 32, 0, 1445548868),
(34, 1, 5, 1, 'W', 2, 0, 0, 0, 0, 80, 48, 33, 0, 1445548868),
(35, 1, 5, 1, 'W', 3, 0, 0, 0, 0, 80, 48, 34, 0, 1445548868),
(36, 1, 5, 1, 'W', 4, 0, 0, 0, 0, 80, 48, 35, 0, 1445548868),
(37, 1, 5, 1, 'W', 5, 0, 0, 0, 0, 76, 44, 36, 0, 1445548868),
(38, 1, 5, 1, 'W', 6, 0, 0, 0, 0, 76, 44, 37, 0, 1445548869),
(39, 1, 5, 1, 'W', 7, 0, 0, 0, 0, 76, 44, 38, 0, 1445548869),
(40, 1, 5, 1, 'W', 8, 0, 0, 0, 0, 76, 44, 39, 0, 1445548869),
(41, 1, 6, 1, 'W', 1, 0, 0, 0, 0, 76, 44, 40, 0, 1445548869),
(42, 1, 6, 1, 'W', 2, 0, 0, 0, 0, 76, 44, 41, 0, 1445548869),
(43, 1, 6, 1, 'W', 3, 0, 0, 0, 0, 76, 44, 42, 0, 1445548869),
(44, 1, 6, 1, 'W', 4, 0, 0, 0, 0, 76, 44, 43, 0, 1445548869),
(45, 1, 6, 1, 'W', 5, 0, 0, 0, 0, 72, 40, 44, 0, 1445548870),
(46, 1, 6, 1, 'W', 6, 0, 0, 0, 0, 72, 40, 45, 0, 1445548870),
(47, 1, 6, 1, 'W', 7, 0, 0, 0, 0, 72, 40, 46, 0, 1445548870),
(48, 1, 6, 1, 'W', 8, 0, 0, 0, 0, 72, 40, 47, 0, 1445548870),
(49, 1, 7, 1, 'W', 1, 0, 0, 0, 0, 72, 40, 48, 0, 1445548870),
(50, 1, 7, 1, 'W', 2, 0, 0, 0, 0, 72, 40, 49, 0, 1445548871),
(51, 1, 7, 1, 'W', 3, 0, 0, 0, 0, 72, 40, 50, 0, 1445548871),
(52, 1, 7, 1, 'W', 4, 0, 0, 0, 0, 72, 40, 51, 0, 1445548871),
(53, 1, 7, 1, 'W', 5, 0, 0, 0, 0, 68, 36, 52, 0, 1445548871),
(54, 1, 7, 1, 'W', 6, 0, 0, 0, 0, 68, 36, 53, 0, 1445548871),
(55, 1, 7, 1, 'W', 7, 0, 0, 0, 0, 68, 36, 54, 0, 1445548871),
(56, 1, 7, 1, 'W', 8, 0, 0, 0, 0, 68, 36, 55, 0, 1445548872),
(57, 1, 8, 1, 'W', 1, 0, 0, 0, 0, 68, 36, 56, 0, 1445548872),
(58, 1, 8, 1, 'W', 2, 0, 0, 0, 0, 68, 36, 57, 0, 1445548872),
(59, 1, 8, 1, 'W', 3, 0, 0, 0, 0, 68, 36, 58, 0, 1445548872),
(60, 1, 8, 1, 'W', 4, 0, 0, 0, 0, 68, 36, 59, 0, 1445548872),
(61, 1, 8, 1, 'W', 5, 0, 0, 0, 0, 64, 32, 60, 0, 1445548872),
(62, 1, 8, 1, 'W', 6, 0, 0, 0, 0, 64, 32, 61, 0, 1445548873),
(63, 1, 8, 1, 'W', 7, 0, 0, 0, 0, 64, 32, 62, 0, 1445548873),
(64, 1, 8, 1, 'W', 8, 0, 0, 0, 0, 64, 32, 63, 0, 1445548873),
(65, 1, 1, 2, 'L', 1, 0, 0, 0, 0, 64, 0, 148, 0, 1445548885),
(66, 1, 1, 2, 'L', 2, 0, 0, 0, 0, 64, 0, 149, 0, 1445548885),
(67, 1, 1, 2, 'L', 3, 0, 0, 0, 0, 64, 0, 150, 0, 1445548885),
(68, 1, 1, 2, 'L', 4, 0, 0, 0, 0, 64, 0, 151, 0, 1445548885),
(69, 1, 2, 2, 'L', 1, 0, 0, 0, 0, 64, 0, 152, 0, 1445548886),
(70, 1, 2, 2, 'L', 2, 0, 0, 0, 0, 64, 0, 153, 0, 1445548887),
(71, 1, 2, 2, 'L', 3, 0, 0, 0, 0, 64, 0, 154, 0, 1445548887),
(72, 1, 2, 2, 'L', 4, 0, 0, 0, 0, 64, 0, 155, 0, 1445548887),
(73, 1, 3, 2, 'L', 1, 0, 0, 0, 0, 64, 0, 156, 0, 1445548888),
(74, 1, 3, 2, 'L', 2, 0, 0, 0, 0, 64, 0, 157, 0, 1445548888),
(75, 1, 3, 2, 'L', 3, 0, 0, 0, 0, 64, 0, 158, 0, 1445548888),
(76, 1, 3, 2, 'L', 4, 0, 0, 0, 0, 64, 0, 159, 0, 1445548889),
(77, 1, 4, 2, 'L', 1, 0, 0, 0, 0, 64, 0, 160, 0, 1445548890),
(78, 1, 4, 2, 'L', 2, 0, 0, 0, 0, 64, 0, 161, 0, 1445548890),
(79, 1, 4, 2, 'L', 3, 0, 0, 0, 0, 64, 0, 162, 0, 1445548890),
(80, 1, 4, 2, 'L', 4, 0, 0, 0, 0, 64, 0, 163, 0, 1445548890),
(81, 1, 5, 2, 'L', 1, 0, 0, 0, 0, 64, 0, 64, 0, 1445548873),
(82, 1, 5, 2, 'L', 2, 0, 0, 0, 0, 64, 0, 65, 0, 1445548873),
(83, 1, 5, 2, 'L', 3, 0, 0, 0, 0, 64, 0, 66, 0, 1445548873),
(84, 1, 5, 2, 'L', 4, 0, 0, 0, 0, 64, 0, 67, 0, 1445548873),
(85, 1, 6, 2, 'L', 1, 0, 0, 0, 0, 64, 0, 68, 0, 1445548873),
(86, 1, 6, 2, 'L', 2, 0, 0, 0, 0, 64, 0, 69, 0, 1445548874),
(87, 1, 6, 2, 'L', 3, 0, 0, 0, 0, 64, 0, 70, 0, 1445548874),
(88, 1, 6, 2, 'L', 4, 0, 0, 0, 0, 64, 0, 71, 0, 1445548874),
(89, 1, 7, 2, 'L', 1, 0, 0, 0, 0, 64, 0, 72, 0, 1445548874),
(90, 1, 7, 2, 'L', 2, 0, 0, 0, 0, 64, 0, 73, 0, 1445548874),
(91, 1, 7, 2, 'L', 3, 0, 0, 0, 0, 64, 0, 74, 0, 1445548874),
(92, 1, 7, 2, 'L', 4, 0, 0, 0, 0, 64, 0, 75, 0, 1445548874),
(93, 1, 8, 2, 'L', 1, 0, 0, 0, 0, 64, 0, 76, 0, 1445548874),
(94, 1, 8, 2, 'L', 2, 0, 0, 0, 0, 64, 0, 77, 0, 1445548874),
(95, 1, 8, 2, 'L', 3, 0, 0, 0, 0, 64, 0, 78, 0, 1445548875),
(96, 1, 8, 2, 'L', 4, 0, 0, 0, 0, 64, 0, 79, 0, 1445548875),
(97, 1, 1, 2, 'W', 1, 5, 31, 5, 31, 64, 32, 166, 0, 1445616106),
(98, 1, 1, 2, 'W', 2, 29, 10, 10, 29, 64, 32, 166, 0, 1445616497),
(99, 1, 1, 2, 'W', 3, 13, 3, 13, 3, 62, 32, 168, 0, 1445616515),
(100, 1, 1, 2, 'W', 4, 12, 2, 2, 12, 62, 32, 170, 0, 1445616520),
(101, 1, 2, 2, 'W', 1, 14, 9, 14, 9, 62, 32, 173, 0, 1445616741),
(102, 1, 2, 2, 'W', 2, 28, 1, 28, 1, 62, 32, 175, 0, 1445616745),
(103, 1, 2, 2, 'W', 3, 25, 30, 25, 30, 60, 32, 177, 0, 1445616749),
(104, 1, 2, 2, 'W', 4, 16, 6, 16, 6, 60, 32, 179, 0, 1445616752),
(105, 1, 3, 2, 'W', 1, 24, 27, 27, 24, 60, 32, 181, 0, 1445616763),
(106, 1, 3, 2, 'W', 2, 4, 11, 4, 11, 60, 32, 183, 0, 1445616767),
(107, 1, 3, 2, 'W', 3, 32, 26, 26, 32, 58, 32, 185, 0, 1445616771),
(108, 1, 3, 2, 'W', 4, 21, 15, 21, 15, 58, 32, 187, 0, 1445616775),
(109, 1, 4, 2, 'W', 1, 18, 22, 22, 18, 58, 32, 189, 0, 1445616781),
(110, 1, 4, 2, 'W', 2, 8, 20, 20, 8, 58, 32, 191, 0, 1445616785),
(111, 1, 4, 2, 'W', 3, 7, 19, 19, 7, 56, 32, 193, 0, 1445616789),
(112, 1, 4, 2, 'W', 4, 17, 23, 23, 17, 56, 32, 195, 0, 1445616792),
(113, 1, 5, 2, 'W', 1, 0, 0, 0, 0, 56, 32, 80, 0, 1445548875),
(114, 1, 5, 2, 'W', 2, 0, 0, 0, 0, 56, 32, 81, 0, 1445548875),
(115, 1, 5, 2, 'W', 3, 0, 0, 0, 0, 54, 32, 82, 0, 1445548875),
(116, 1, 5, 2, 'W', 4, 0, 0, 0, 0, 54, 32, 83, 0, 1445548875),
(117, 1, 6, 2, 'W', 1, 0, 0, 0, 0, 54, 32, 84, 0, 1445548875),
(118, 1, 6, 2, 'W', 2, 0, 0, 0, 0, 54, 32, 85, 0, 1445548876),
(119, 1, 6, 2, 'W', 3, 0, 0, 0, 0, 52, 32, 86, 0, 1445548876),
(120, 1, 6, 2, 'W', 4, 0, 0, 0, 0, 52, 32, 87, 0, 1445548876),
(121, 1, 7, 2, 'W', 1, 0, 0, 0, 0, 52, 32, 88, 0, 1445548876),
(122, 1, 7, 2, 'W', 2, 0, 0, 0, 0, 52, 32, 89, 0, 1445548876),
(123, 1, 7, 2, 'W', 3, 0, 0, 0, 0, 50, 32, 90, 0, 1445548876),
(124, 1, 7, 2, 'W', 4, 0, 0, 0, 0, 50, 32, 91, 0, 1445548876),
(125, 1, 8, 2, 'W', 1, 0, 0, 0, 0, 50, 32, 92, 0, 1445548876),
(126, 1, 8, 2, 'W', 2, 0, 0, 0, 0, 50, 32, 93, 0, 1445548877),
(127, 1, 8, 2, 'W', 3, 0, 0, 0, 0, 48, 32, 94, 0, 1445548877),
(128, 1, 8, 2, 'W', 4, 0, 0, 0, 0, 48, 32, 95, 0, 1445548877),
(129, 1, 1, 3, 'L', 1, 0, 31, 31, 0, 48, 0, 166, 0, 1445616106),
(130, 1, 1, 3, 'L', 2, 0, 29, 29, 0, 48, 0, 167, 0, 1445616497),
(131, 1, 1, 3, 'L', 3, 0, 3, 3, 0, 46, 0, 169, 0, 1445616514),
(132, 1, 1, 3, 'L', 4, 0, 12, 12, 0, 46, 0, 171, 0, 1445616520),
(133, 1, 2, 3, 'L', 1, 0, 9, 9, 0, 46, 0, 174, 0, 1445616741),
(134, 1, 2, 3, 'L', 2, 0, 1, 1, 0, 46, 0, 176, 0, 1445616745),
(135, 1, 2, 3, 'L', 3, 0, 30, 30, 0, 44, 0, 178, 0, 1445616748),
(136, 1, 2, 3, 'L', 4, 0, 6, 6, 0, 44, 0, 180, 0, 1445616752),
(137, 1, 3, 3, 'L', 1, 0, 24, 24, 0, 44, 0, 182, 0, 1445616763),
(138, 1, 3, 3, 'L', 2, 0, 11, 11, 0, 44, 0, 184, 0, 1445616767),
(139, 1, 3, 3, 'L', 3, 0, 32, 32, 0, 42, 0, 186, 0, 1445616771),
(140, 1, 3, 3, 'L', 4, 0, 15, 15, 0, 42, 0, 188, 0, 1445616775),
(141, 1, 4, 3, 'L', 1, 0, 18, 18, 0, 42, 0, 190, 0, 1445616781),
(142, 1, 4, 3, 'L', 2, 0, 8, 8, 0, 42, 0, 192, 0, 1445616785),
(143, 1, 4, 3, 'L', 3, 0, 7, 7, 0, 40, 0, 194, 0, 1445616789),
(144, 1, 4, 3, 'L', 4, 0, 17, 17, 0, 40, 0, 196, 0, 1445616792),
(145, 1, 5, 3, 'L', 1, 0, 0, 0, 0, 40, 0, 96, 0, 1445548877),
(146, 1, 5, 3, 'L', 2, 0, 0, 0, 0, 40, 0, 97, 0, 1445548877),
(147, 1, 5, 3, 'L', 3, 0, 0, 0, 0, 38, 0, 98, 0, 1445548877),
(148, 1, 5, 3, 'L', 4, 0, 0, 0, 0, 38, 0, 99, 0, 1445548877),
(149, 1, 6, 3, 'L', 1, 0, 0, 0, 0, 38, 0, 100, 0, 1445548878),
(150, 1, 6, 3, 'L', 2, 0, 0, 0, 0, 38, 0, 101, 0, 1445548878),
(151, 1, 6, 3, 'L', 3, 0, 0, 0, 0, 36, 0, 102, 0, 1445548878),
(152, 1, 6, 3, 'L', 4, 0, 0, 0, 0, 36, 0, 103, 0, 1445548878),
(153, 1, 7, 3, 'L', 1, 0, 0, 0, 0, 36, 0, 104, 0, 1445548878),
(154, 1, 7, 3, 'L', 2, 0, 0, 0, 0, 36, 0, 105, 0, 1445548878),
(155, 1, 7, 3, 'L', 3, 0, 0, 0, 0, 34, 0, 106, 0, 1445548878),
(156, 1, 7, 3, 'L', 4, 0, 0, 0, 0, 34, 0, 107, 0, 1445548878),
(157, 1, 8, 3, 'L', 1, 0, 0, 0, 0, 34, 0, 108, 0, 1445548878),
(158, 1, 8, 3, 'L', 2, 0, 0, 0, 0, 34, 0, 109, 0, 1445548878),
(159, 1, 8, 3, 'L', 3, 0, 0, 0, 0, 32, 0, 110, 0, 1445548879),
(160, 1, 8, 3, 'L', 4, 0, 0, 0, 0, 32, 0, 111, 0, 1445548879),
(161, 1, 1, 3, 'W', 1, 5, 13, 5, 13, 32, 40, 172, 0, 1445616572),
(162, 1, 1, 3, 'W', 2, 10, 2, 2, 10, 31, 40, 197, 0, 1445618967),
(163, 1, 2, 3, 'W', 1, 14, 25, 14, 25, 31, 40, 198, 0, 1445618971),
(164, 1, 2, 3, 'W', 2, 28, 16, 28, 16, 30, 40, 199, 0, 1445618975),
(165, 1, 3, 3, 'W', 1, 27, 26, 26, 27, 30, 40, 200, 0, 1445618988),
(166, 1, 3, 3, 'W', 2, 4, 21, 4, 21, 29, 40, 201, 0, 1445618993),
(167, 1, 4, 3, 'W', 1, 22, 19, 19, 22, 29, 40, 202, 0, 1445618997),
(168, 1, 4, 3, 'W', 2, 20, 23, 23, 20, 28, 40, 203, 0, 1445619001),
(169, 1, 5, 3, 'W', 1, 0, 0, 0, 0, 28, 40, 112, 0, 1445548879),
(170, 1, 5, 3, 'W', 2, 0, 0, 0, 0, 27, 40, 113, 0, 1445548879),
(171, 1, 6, 3, 'W', 1, 0, 0, 0, 0, 27, 40, 114, 0, 1445548879),
(172, 1, 6, 3, 'W', 2, 0, 0, 0, 0, 26, 40, 115, 0, 1445548879),
(173, 1, 7, 3, 'W', 1, 0, 0, 0, 0, 26, 40, 116, 0, 1445548879),
(174, 1, 7, 3, 'W', 2, 0, 0, 0, 0, 25, 40, 117, 0, 1445548879),
(175, 1, 8, 3, 'W', 1, 0, 0, 0, 0, 25, 40, 118, 0, 1445548880),
(176, 1, 8, 3, 'W', 2, 0, 0, 0, 0, 24, 40, 119, 0, 1445548880),
(177, 1, 1, 4, 'L', 1, 31, 3, 31, 3, 24, 0, 204, 0, 1445619007),
(178, 1, 1, 4, 'L', 2, 29, 12, 12, 29, 24, 0, 205, 0, 1445619011),
(179, 1, 2, 4, 'L', 1, 9, 30, 9, 30, 24, 0, 206, 0, 1445619015),
(180, 1, 2, 4, 'L', 2, 1, 6, 1, 6, 24, 0, 207, 0, 1445619019),
(181, 1, 3, 4, 'L', 1, 24, 32, 32, 24, 24, 0, 208, 0, 1445619027),
(182, 1, 3, 4, 'L', 2, 11, 15, 15, 11, 24, 0, 209, 0, 1445619031),
(183, 1, 4, 4, 'L', 1, 18, 7, 7, 18, 24, 0, 210, 0, 1445619035),
(184, 1, 4, 4, 'L', 2, 8, 17, 8, 17, 24, 0, 211, 0, 1445619039),
(185, 1, 5, 4, 'L', 1, 0, 0, 0, 0, 24, 0, 120, 0, 1445548880),
(186, 1, 5, 4, 'L', 2, 0, 0, 0, 0, 24, 0, 121, 0, 1445548881),
(187, 1, 6, 4, 'L', 1, 0, 0, 0, 0, 24, 0, 122, 0, 1445548881),
(188, 1, 6, 4, 'L', 2, 0, 0, 0, 0, 24, 0, 123, 0, 1445548881),
(189, 1, 7, 4, 'L', 1, 0, 0, 0, 0, 24, 0, 124, 0, 1445548881),
(190, 1, 7, 4, 'L', 2, 0, 0, 0, 0, 24, 0, 125, 0, 1445548881),
(191, 1, 8, 4, 'L', 1, 0, 0, 0, 0, 24, 0, 126, 0, 1445548882),
(192, 1, 8, 4, 'L', 2, 0, 0, 0, 0, 24, 0, 127, 0, 1445548882),
(193, 1, 1, 4, 'W', 1, 5, 2, 5, 2, 40, 32, 212, 0, 1445619045),
(194, 1, 2, 4, 'W', 1, 14, 28, 28, 14, 40, 32, 214, 0, 1445619049),
(195, 1, 3, 4, 'W', 1, 26, 4, 26, 4, 40, 32, 216, 0, 1445619058),
(196, 1, 4, 4, 'W', 1, 19, 23, 23, 19, 40, 32, 218, 0, 1445619063),
(197, 1, 5, 4, 'W', 1, 0, 0, 0, 0, 36, 32, 128, 0, 1445548882),
(198, 1, 6, 4, 'W', 1, 0, 0, 0, 0, 36, 32, 129, 0, 1445548882),
(199, 1, 7, 4, 'W', 1, 0, 0, 0, 0, 36, 32, 130, 0, 1445548882),
(200, 1, 8, 4, 'W', 1, 0, 0, 0, 0, 36, 32, 131, 0, 1445548882),
(201, 1, 1, 5, 'L', 1, 13, 31, 13, 31, 16, 0, 220, 0, 1445619070),
(202, 1, 1, 5, 'L', 1, 10, 12, 12, 10, 15, 0, 221, 0, 1445619073),
(203, 1, 2, 5, 'L', 1, 25, 9, 25, 9, 15, 0, 222, 0, 1445619077),
(204, 1, 2, 5, 'L', 1, 16, 1, 16, 1, 14, 0, 223, 0, 1445619081),
(205, 1, 3, 5, 'L', 1, 27, 32, 32, 27, 14, 0, 224, 0, 1445619085),
(206, 1, 3, 5, 'L', 1, 21, 15, 15, 21, 13, 0, 225, 0, 1445619089),
(207, 1, 4, 5, 'L', 1, 22, 7, 7, 22, 13, 0, 226, 0, 1445619093),
(208, 1, 4, 5, 'L', 1, 20, 8, 20, 8, 12, 0, 227, 0, 1445619097),
(209, 1, 5, 5, 'L', 1, 0, 0, 0, 0, 12, 0, 132, 0, 1445548882),
(210, 1, 5, 5, 'L', 1, 0, 0, 0, 0, 11, 0, 133, 0, 1445548882),
(211, 1, 6, 5, 'L', 1, 0, 0, 0, 0, 11, 0, 134, 0, 1445548883),
(212, 1, 6, 5, 'L', 1, 0, 0, 0, 0, 10, 0, 135, 0, 1445548883),
(213, 1, 7, 5, 'L', 1, 0, 0, 0, 0, 10, 0, 136, 0, 1445548883),
(214, 1, 7, 5, 'L', 1, 0, 0, 0, 0, 9, 0, 137, 0, 1445548883),
(215, 1, 8, 5, 'L', 1, 0, 0, 0, 0, 9, 0, 138, 0, 1445548883),
(216, 1, 8, 5, 'L', 1, 0, 0, 0, 0, 8, 0, 139, 0, 1445548883),
(217, 1, 1, 6, 'L', 1, 13, 12, 13, 12, 8, 0, 228, 0, 1445619106),
(218, 1, 2, 6, 'L', 1, 25, 16, 16, 25, 8, 0, 229, 0, 1445619110),
(219, 1, 3, 6, 'L', 1, 32, 15, 32, 15, 8, 0, 230, 0, 1445619114),
(220, 1, 4, 6, 'L', 1, 7, 20, 20, 7, 8, 0, 231, 0, 1445619118),
(221, 1, 5, 6, 'L', 1, 0, 0, 0, 0, 8, 0, 140, 0, 1445548883),
(222, 1, 6, 6, 'L', 1, 0, 0, 0, 0, 8, 0, 141, 0, 1445548883),
(223, 1, 7, 6, 'L', 1, 0, 0, 0, 0, 8, 0, 142, 0, 1445548883),
(224, 1, 8, 6, 'L', 1, 0, 0, 0, 0, 8, 0, 143, 0, 1445548884),
(225, 1, 1, 7, 'L', 1, 2, 13, 2, 13, 12, 0, 232, 0, 1445619134),
(226, 1, 2, 7, 'L', 1, 14, 16, 16, 14, 12, 0, 235, 0, 1445619141),
(227, 1, 3, 7, 'L', 1, 4, 32, 4, 32, 12, 0, 238, 0, 1445619145),
(228, 1, 4, 7, 'L', 1, 19, 20, 20, 19, 12, 0, 241, 0, 1445619150),
(229, 1, 5, 7, 'L', 1, 0, 0, 0, 0, 8, 0, 144, 0, 1445548884),
(230, 1, 6, 7, 'L', 1, 0, 0, 0, 0, 8, 0, 145, 0, 1445548884),
(231, 1, 7, 7, 'L', 1, 0, 0, 0, 0, 8, 0, 146, 0, 1445548884),
(232, 1, 8, 7, 'L', 1, 0, 0, 0, 0, 8, 0, 147, 0, 1445548884),
(233, 1, 9, 8, 'W', 1, 0, 5, 5, 0, 8, 11, 213, 0, 1445619045),
(234, 1, 9, 8, 'W', 2, 0, 28, 28, 0, 8, 12, 215, 0, 1445619049),
(235, 1, 9, 8, 'W', 3, 0, 26, 26, 0, 6, 8, 217, 0, 1445619058),
(236, 1, 9, 8, 'W', 4, 0, 23, 23, 0, 6, 9, 219, 0, 1445619063),
(237, 1, 9, 8, 'L', 1, 0, 2, 2, 0, 6, 0, 233, 0, 1445619134),
(238, 1, 9, 8, 'L', 2, 0, 16, 16, 0, 6, 0, 236, 0, 1445619140),
(239, 1, 9, 8, 'L', 3, 0, 4, 4, 0, 6, 0, 239, 0, 1445619145),
(240, 1, 9, 8, 'L', 4, 0, 20, 20, 0, 6, 0, 242, 0, 1445619149),
(241, 1, 9, 9, 'W', 1, 5, 26, 5, 26, 6, 9, 244, 0, 1445619187),
(242, 1, 9, 9, 'W', 2, 28, 23, 23, 28, 5, 9, 245, 0, 1445619192),
(243, 1, 9, 9, 'L', 1, 0, 2, 2, 0, 5, 0, 234, 0, 1445619134),
(244, 1, 9, 9, 'L', 2, 0, 16, 16, 0, 5, 0, 237, 0, 1445619141),
(245, 1, 9, 9, 'L', 3, 0, 4, 4, 0, 3, 0, 240, 0, 1445619145),
(246, 1, 9, 9, 'L', 4, 0, 20, 20, 0, 3, 0, 243, 0, 1445619149),
(247, 1, 9, 10, 'W', 1, 5, 23, 23, 5, 7, 6, 248, 0, 1445619231),
(248, 1, 9, 10, 'L', 1, 2, 4, 4, 2, 2, 0, 246, 0, 1445619218),
(249, 1, 9, 10, 'L', 2, 16, 20, 16, 20, 2, 0, 247, 0, 1445619222),
(250, 1, 9, 11, 'L', 1, 26, 4, 4, 26, 2, 0, 249, 0, 1445619248),
(251, 1, 9, 11, 'L', 2, 28, 16, 16, 28, 1, 0, 250, 0, 1445619253),
(252, 1, 9, 12, 'L', 1, 4, 16, 16, 4, 1, 0, 251, 0, 1445619344),
(253, 1, 9, 13, 'L', 1, 5, 16, 16, 5, 1, 0, 252, 0, 1445619349),
(254, 1, 10, 14, 'F', 1, 23, 16, 23, 16, 1, 1, 253, 0, 1445619357),
(255, 1, 10, 15, 'F', 1, 23, 0, 23, 0, 0, 0, 254, 0, 1445619357),
(256, 2, 1, 1, 'W', 1, 48, 0, 48, 0, 96, 64, 195, 0, 1461531537),
(257, 2, 1, 1, 'W', 2, 37, 0, 37, 0, 97, 65, 195, 0, 1461531537),
(258, 2, 1, 1, 'W', 3, 39, 0, 39, 0, 95, 63, 195, 0, 1461531537),
(259, 2, 1, 1, 'W', 4, 41, 0, 41, 0, 96, 64, 195, 0, 1461531537),
(260, 2, 1, 1, 'W', 5, 34, 0, 34, 0, 92, 60, 195, 0, 1461531537),
(261, 2, 1, 1, 'W', 6, 45, 0, 45, 0, 93, 61, 196, 0, 1461531537),
(262, 2, 1, 1, 'W', 7, 43, 0, 43, 0, 91, 59, 197, 0, 1461531538),
(263, 2, 1, 1, 'W', 8, 33, 0, 33, 0, 92, 60, 198, 0, 1461531538),
(264, 2, 2, 1, 'W', 1, 40, 0, 40, 0, 92, 60, 199, 0, 1461531538),
(265, 2, 2, 1, 'W', 2, 44, 0, 44, 0, 93, 61, 199, 0, 1461531539),
(266, 2, 2, 1, 'W', 3, 38, 0, 38, 0, 91, 59, 199, 0, 1461531539),
(267, 2, 2, 1, 'W', 4, 46, 0, 46, 0, 92, 60, 199, 0, 1461531539),
(268, 2, 2, 1, 'W', 5, 42, 0, 42, 0, 88, 56, 199, 0, 1461531539),
(269, 2, 2, 1, 'W', 6, 36, 0, 36, 0, 89, 57, 200, 0, 1461531539),
(270, 2, 2, 1, 'W', 7, 47, 0, 47, 0, 87, 55, 201, 0, 1461531539),
(271, 2, 2, 1, 'W', 8, 35, 0, 35, 0, 88, 56, 202, 0, 1461531540),
(272, 2, 3, 1, 'W', 1, 0, 0, 0, 0, 88, 56, 16, 0, 1461531515),
(273, 2, 3, 1, 'W', 2, 0, 0, 0, 0, 89, 57, 17, 0, 1461531515),
(274, 2, 3, 1, 'W', 3, 0, 0, 0, 0, 87, 55, 18, 0, 1461531515),
(275, 2, 3, 1, 'W', 4, 0, 0, 0, 0, 88, 56, 19, 0, 1461531515),
(276, 2, 3, 1, 'W', 5, 0, 0, 0, 0, 84, 52, 20, 0, 1461531515),
(277, 2, 3, 1, 'W', 6, 0, 0, 0, 0, 85, 53, 21, 0, 1461531515),
(278, 2, 3, 1, 'W', 7, 0, 0, 0, 0, 83, 51, 22, 0, 1461531515),
(279, 2, 3, 1, 'W', 8, 0, 0, 0, 0, 84, 52, 23, 0, 1461531515),
(280, 2, 4, 1, 'W', 1, 0, 0, 0, 0, 84, 52, 24, 0, 1461531516),
(281, 2, 4, 1, 'W', 2, 0, 0, 0, 0, 85, 53, 25, 0, 1461531516),
(282, 2, 4, 1, 'W', 3, 0, 0, 0, 0, 83, 51, 26, 0, 1461531516),
(283, 2, 4, 1, 'W', 4, 0, 0, 0, 0, 84, 52, 27, 0, 1461531516),
(284, 2, 4, 1, 'W', 5, 0, 0, 0, 0, 80, 48, 28, 0, 1461531516),
(285, 2, 4, 1, 'W', 6, 0, 0, 0, 0, 81, 49, 29, 0, 1461531516),
(286, 2, 4, 1, 'W', 7, 0, 0, 0, 0, 79, 47, 30, 0, 1461531516),
(287, 2, 4, 1, 'W', 8, 0, 0, 0, 0, 80, 48, 31, 0, 1461531517),
(288, 2, 5, 1, 'W', 1, 0, 0, 0, 0, 80, 48, 32, 0, 1461531517),
(289, 2, 5, 1, 'W', 2, 0, 0, 0, 0, 81, 49, 33, 0, 1461531517),
(290, 2, 5, 1, 'W', 3, 0, 0, 0, 0, 79, 47, 34, 0, 1461531517),
(291, 2, 5, 1, 'W', 4, 0, 0, 0, 0, 80, 48, 35, 0, 1461531517),
(292, 2, 5, 1, 'W', 5, 0, 0, 0, 0, 76, 44, 36, 0, 1461531517),
(293, 2, 5, 1, 'W', 6, 0, 0, 0, 0, 77, 45, 37, 0, 1461531517),
(294, 2, 5, 1, 'W', 7, 0, 0, 0, 0, 75, 43, 38, 0, 1461531518),
(295, 2, 5, 1, 'W', 8, 0, 0, 0, 0, 76, 44, 39, 0, 1461531518),
(296, 2, 6, 1, 'W', 1, 0, 0, 0, 0, 76, 44, 40, 0, 1461531518),
(297, 2, 6, 1, 'W', 2, 0, 0, 0, 0, 77, 45, 41, 0, 1461531518),
(298, 2, 6, 1, 'W', 3, 0, 0, 0, 0, 75, 43, 42, 0, 1461531518),
(299, 2, 6, 1, 'W', 4, 0, 0, 0, 0, 76, 44, 43, 0, 1461531518),
(300, 2, 6, 1, 'W', 5, 0, 0, 0, 0, 72, 40, 44, 0, 1461531518),
(301, 2, 6, 1, 'W', 6, 0, 0, 0, 0, 73, 41, 45, 0, 1461531519),
(302, 2, 6, 1, 'W', 7, 0, 0, 0, 0, 71, 39, 46, 0, 1461531519),
(303, 2, 6, 1, 'W', 8, 0, 0, 0, 0, 72, 40, 47, 0, 1461531519),
(304, 2, 7, 1, 'W', 1, 0, 0, 0, 0, 72, 40, 48, 0, 1461531519),
(305, 2, 7, 1, 'W', 2, 0, 0, 0, 0, 73, 41, 49, 0, 1461531519),
(306, 2, 7, 1, 'W', 3, 0, 0, 0, 0, 71, 39, 50, 0, 1461531519),
(307, 2, 7, 1, 'W', 4, 0, 0, 0, 0, 72, 40, 51, 0, 1461531519),
(308, 2, 7, 1, 'W', 5, 0, 0, 0, 0, 68, 36, 52, 0, 1461531519),
(309, 2, 7, 1, 'W', 6, 0, 0, 0, 0, 69, 37, 53, 0, 1461531520),
(310, 2, 7, 1, 'W', 7, 0, 0, 0, 0, 67, 35, 54, 0, 1461531520),
(311, 2, 7, 1, 'W', 8, 0, 0, 0, 0, 68, 36, 55, 0, 1461531520),
(312, 2, 8, 1, 'W', 1, 0, 0, 0, 0, 68, 36, 56, 0, 1461531520),
(313, 2, 8, 1, 'W', 2, 0, 0, 0, 0, 69, 37, 57, 0, 1461531520),
(314, 2, 8, 1, 'W', 3, 0, 0, 0, 0, 67, 35, 58, 0, 1461531520),
(315, 2, 8, 1, 'W', 4, 0, 0, 0, 0, 68, 36, 59, 0, 1461531521),
(316, 2, 8, 1, 'W', 5, 0, 0, 0, 0, 64, 32, 60, 0, 1461531521),
(317, 2, 8, 1, 'W', 6, 0, 0, 0, 0, 65, 33, 61, 0, 1461531521),
(318, 2, 8, 1, 'W', 7, 0, 0, 0, 0, 63, 31, 62, 0, 1461531521),
(319, 2, 8, 1, 'W', 8, 0, 0, 0, 0, 64, 32, 63, 0, 1461531521),
(320, 2, 1, 2, 'L', 1, 0, 0, 0, 0, 64, 0, 195, 0, 1461531537),
(321, 2, 1, 2, 'L', 2, 0, 0, 0, 0, 64, 0, 197, 0, 1461531538),
(322, 2, 1, 2, 'L', 3, 0, 0, 0, 0, 64, 0, 196, 0, 1461531538),
(323, 2, 1, 2, 'L', 4, 0, 0, 0, 0, 64, 0, 198, 0, 1461531538),
(324, 2, 2, 2, 'L', 1, 0, 0, 0, 0, 64, 0, 199, 0, 1461531539),
(325, 2, 2, 2, 'L', 2, 0, 0, 0, 0, 64, 0, 201, 0, 1461531540),
(326, 2, 2, 2, 'L', 3, 0, 0, 0, 0, 64, 0, 200, 0, 1461531539),
(327, 2, 2, 2, 'L', 4, 0, 0, 0, 0, 64, 0, 202, 0, 1461531540),
(328, 2, 3, 2, 'L', 1, 0, 0, 0, 0, 64, 0, 64, 0, 1461531521),
(329, 2, 3, 2, 'L', 2, 0, 0, 0, 0, 64, 0, 65, 0, 1461531521),
(330, 2, 3, 2, 'L', 3, 0, 0, 0, 0, 64, 0, 66, 0, 1461531521),
(331, 2, 3, 2, 'L', 4, 0, 0, 0, 0, 64, 0, 67, 0, 1461531521),
(332, 2, 4, 2, 'L', 1, 0, 0, 0, 0, 64, 0, 68, 0, 1461531522),
(333, 2, 4, 2, 'L', 2, 0, 0, 0, 0, 64, 0, 69, 0, 1461531522),
(334, 2, 4, 2, 'L', 3, 0, 0, 0, 0, 64, 0, 70, 0, 1461531522),
(335, 2, 4, 2, 'L', 4, 0, 0, 0, 0, 64, 0, 71, 0, 1461531522),
(336, 2, 5, 2, 'L', 1, 0, 0, 0, 0, 64, 0, 72, 0, 1461531522),
(337, 2, 5, 2, 'L', 2, 0, 0, 0, 0, 64, 0, 73, 0, 1461531523),
(338, 2, 5, 2, 'L', 3, 0, 0, 0, 0, 64, 0, 74, 0, 1461531523),
(339, 2, 5, 2, 'L', 4, 0, 0, 0, 0, 64, 0, 75, 0, 1461531523),
(340, 2, 6, 2, 'L', 1, 0, 0, 0, 0, 64, 0, 76, 0, 1461531523),
(341, 2, 6, 2, 'L', 2, 0, 0, 0, 0, 64, 0, 77, 0, 1461531523),
(342, 2, 6, 2, 'L', 3, 0, 0, 0, 0, 64, 0, 78, 0, 1461531523),
(343, 2, 6, 2, 'L', 4, 0, 0, 0, 0, 64, 0, 79, 0, 1461531523),
(344, 2, 7, 2, 'L', 1, 0, 0, 0, 0, 64, 0, 80, 0, 1461531523),
(345, 2, 7, 2, 'L', 2, 0, 0, 0, 0, 64, 0, 81, 0, 1461531523),
(346, 2, 7, 2, 'L', 3, 0, 0, 0, 0, 64, 0, 82, 0, 1461531523),
(347, 2, 7, 2, 'L', 4, 0, 0, 0, 0, 64, 0, 83, 0, 1461531524),
(348, 2, 8, 2, 'L', 1, 0, 0, 0, 0, 64, 0, 84, 0, 1461531524),
(349, 2, 8, 2, 'L', 2, 0, 0, 0, 0, 64, 0, 85, 0, 1461531524),
(350, 2, 8, 2, 'L', 3, 0, 0, 0, 0, 64, 0, 86, 0, 1461531524),
(351, 2, 8, 2, 'L', 4, 0, 0, 0, 0, 64, 0, 87, 0, 1461531524),
(352, 2, 1, 2, 'W', 1, 48, 34, -1, -1, 64, 33, -1, 0, 1461531537),
(353, 2, 1, 2, 'W', 2, 39, 43, -1, -1, 64, 31, -1, 0, 1461531538),
(354, 2, 1, 2, 'W', 3, 37, 45, -1, -1, 62, 33, -1, 0, 1461531537),
(355, 2, 1, 2, 'W', 4, 41, 33, -1, -1, 62, 31, -1, 0, 1461531538),
(356, 2, 2, 2, 'W', 1, 40, 42, -1, -1, 62, 33, -1, 0, 1461531539),
(357, 2, 2, 2, 'W', 2, 38, 47, -1, -1, 62, 31, -1, 0, 1461531539),
(358, 2, 2, 2, 'W', 3, 44, 36, -1, -1, 60, 33, -1, 0, 1461531539),
(359, 2, 2, 2, 'W', 4, 46, 35, -1, -1, 60, 31, -1, 0, 1461531540),
(360, 2, 3, 2, 'W', 1, 0, 0, 0, 0, 60, 33, 88, 0, 1461531524),
(361, 2, 3, 2, 'W', 2, 0, 0, 0, 0, 60, 31, 89, 0, 1461531524),
(362, 2, 3, 2, 'W', 3, 0, 0, 0, 0, 58, 33, 90, 0, 1461531524),
(363, 2, 3, 2, 'W', 4, 0, 0, 0, 0, 58, 31, 91, 0, 1461531525),
(364, 2, 4, 2, 'W', 1, 0, 0, 0, 0, 58, 33, 92, 0, 1461531525),
(365, 2, 4, 2, 'W', 2, 0, 0, 0, 0, 58, 31, 93, 0, 1461531525),
(366, 2, 4, 2, 'W', 3, 0, 0, 0, 0, 56, 33, 94, 0, 1461531525),
(367, 2, 4, 2, 'W', 4, 0, 0, 0, 0, 56, 31, 95, 0, 1461531525),
(368, 2, 5, 2, 'W', 1, 0, 0, 0, 0, 56, 33, 96, 0, 1461531525),
(369, 2, 5, 2, 'W', 2, 0, 0, 0, 0, 56, 31, 97, 0, 1461531525),
(370, 2, 5, 2, 'W', 3, 0, 0, 0, 0, 54, 33, 98, 0, 1461531525),
(371, 2, 5, 2, 'W', 4, 0, 0, 0, 0, 54, 31, 99, 0, 1461531526),
(372, 2, 6, 2, 'W', 1, 0, 0, 0, 0, 54, 33, 100, 0, 1461531526),
(373, 2, 6, 2, 'W', 2, 0, 0, 0, 0, 54, 31, 101, 0, 1461531526),
(374, 2, 6, 2, 'W', 3, 0, 0, 0, 0, 52, 33, 102, 0, 1461531527),
(375, 2, 6, 2, 'W', 4, 0, 0, 0, 0, 52, 31, 103, 0, 1461531527),
(376, 2, 7, 2, 'W', 1, 0, 0, 0, 0, 52, 33, 104, 0, 1461531527),
(377, 2, 7, 2, 'W', 2, 0, 0, 0, 0, 52, 31, 105, 0, 1461531527),
(378, 2, 7, 2, 'W', 3, 0, 0, 0, 0, 50, 33, 106, 0, 1461531527),
(379, 2, 7, 2, 'W', 4, 0, 0, 0, 0, 50, 31, 107, 0, 1461531527),
(380, 2, 8, 2, 'W', 1, 0, 0, 0, 0, 50, 33, 108, 0, 1461531527),
(381, 2, 8, 2, 'W', 2, 0, 0, 0, 0, 50, 31, 109, 0, 1461531528),
(382, 2, 8, 2, 'W', 3, 0, 0, 0, 0, 48, 33, 110, 0, 1461531528),
(383, 2, 8, 2, 'W', 4, 0, 0, 0, 0, 48, 31, 111, 0, 1461531528),
(384, 2, 1, 3, 'L', 1, 0, -1, -1, -1, 48, 0, -1, 0, 1461531537),
(385, 2, 1, 3, 'L', 2, 0, -1, -1, -1, 48, 0, -1, 0, 1461531538),
(386, 2, 1, 3, 'L', 3, 0, -1, -1, -1, 46, 0, -1, 0, 1461531538),
(387, 2, 1, 3, 'L', 4, 0, -1, -1, -1, 46, 0, -1, 0, 1461531538),
(388, 2, 2, 3, 'L', 1, 0, -1, -1, -1, 46, 0, -1, 0, 1461531539),
(389, 2, 2, 3, 'L', 2, 0, -1, -1, -1, 46, 0, -1, 0, 1461531540),
(390, 2, 2, 3, 'L', 3, 0, -1, -1, -1, 44, 0, -1, 0, 1461531539),
(391, 2, 2, 3, 'L', 4, 0, -1, -1, -1, 44, 0, -1, 0, 1461531540),
(392, 2, 3, 3, 'L', 1, 0, 0, 0, 0, 44, 0, 112, 0, 1461531528),
(393, 2, 3, 3, 'L', 2, 0, 0, 0, 0, 44, 0, 113, 0, 1461531528),
(394, 2, 3, 3, 'L', 3, 0, 0, 0, 0, 42, 0, 114, 0, 1461531528),
(395, 2, 3, 3, 'L', 4, 0, 0, 0, 0, 42, 0, 115, 0, 1461531528),
(396, 2, 4, 3, 'L', 1, 0, 0, 0, 0, 42, 0, 116, 0, 1461531528),
(397, 2, 4, 3, 'L', 2, 0, 0, 0, 0, 42, 0, 117, 0, 1461531528),
(398, 2, 4, 3, 'L', 3, 0, 0, 0, 0, 40, 0, 118, 0, 1461531529),
(399, 2, 4, 3, 'L', 4, 0, 0, 0, 0, 40, 0, 119, 0, 1461531529),
(400, 2, 5, 3, 'L', 1, 0, 0, 0, 0, 40, 0, 120, 0, 1461531529),
(401, 2, 5, 3, 'L', 2, 0, 0, 0, 0, 40, 0, 121, 0, 1461531529),
(402, 2, 5, 3, 'L', 3, 0, 0, 0, 0, 38, 0, 122, 0, 1461531529),
(403, 2, 5, 3, 'L', 4, 0, 0, 0, 0, 38, 0, 123, 0, 1461531529),
(404, 2, 6, 3, 'L', 1, 0, 0, 0, 0, 38, 0, 124, 0, 1461531529),
(405, 2, 6, 3, 'L', 2, 0, 0, 0, 0, 38, 0, 125, 0, 1461531529),
(406, 2, 6, 3, 'L', 3, 0, 0, 0, 0, 36, 0, 126, 0, 1461531529),
(407, 2, 6, 3, 'L', 4, 0, 0, 0, 0, 36, 0, 127, 0, 1461531529),
(408, 2, 7, 3, 'L', 1, 0, 0, 0, 0, 36, 0, 128, 0, 1461531529),
(409, 2, 7, 3, 'L', 2, 0, 0, 0, 0, 36, 0, 129, 0, 1461531530),
(410, 2, 7, 3, 'L', 3, 0, 0, 0, 0, 34, 0, 130, 0, 1461531530),
(411, 2, 7, 3, 'L', 4, 0, 0, 0, 0, 34, 0, 131, 0, 1461531530),
(412, 2, 8, 3, 'L', 1, 0, 0, 0, 0, 34, 0, 132, 0, 1461531530),
(413, 2, 8, 3, 'L', 2, 0, 0, 0, 0, 34, 0, 133, 0, 1461531530),
(414, 2, 8, 3, 'L', 3, 0, 0, 0, 0, 32, 0, 134, 0, 1461531530),
(415, 2, 8, 3, 'L', 4, 0, 0, 0, 0, 32, 0, 135, 0, 1461531530),
(416, 2, 1, 3, 'W', 1, -1, -1, -1, -1, 32, 40, -1, 0, 0),
(417, 2, 1, 3, 'W', 2, -1, -1, -1, -1, 31, 40, -1, 0, 0),
(418, 2, 2, 3, 'W', 1, -1, -1, -1, -1, 31, 40, -1, 0, 0),
(419, 2, 2, 3, 'W', 2, -1, -1, -1, -1, 30, 40, -1, 0, 0),
(420, 2, 3, 3, 'W', 1, 0, 0, 0, 0, 30, 40, 136, 0, 1461531530),
(421, 2, 3, 3, 'W', 2, 0, 0, 0, 0, 29, 40, 137, 0, 1461531530),
(422, 2, 4, 3, 'W', 1, 0, 0, 0, 0, 29, 40, 138, 0, 1461531530),
(423, 2, 4, 3, 'W', 2, 0, 0, 0, 0, 28, 40, 139, 0, 1461531531),
(424, 2, 5, 3, 'W', 1, 0, 0, 0, 0, 28, 40, 140, 0, 1461531531),
(425, 2, 5, 3, 'W', 2, 0, 0, 0, 0, 27, 40, 141, 0, 1461531531),
(426, 2, 6, 3, 'W', 1, 0, 0, 0, 0, 27, 40, 142, 0, 1461531531),
(427, 2, 6, 3, 'W', 2, 0, 0, 0, 0, 26, 40, 143, 0, 1461531531),
(428, 2, 7, 3, 'W', 1, 0, 0, 0, 0, 26, 40, 144, 0, 1461531531),
(429, 2, 7, 3, 'W', 2, 0, 0, 0, 0, 25, 40, 145, 0, 1461531531),
(430, 2, 8, 3, 'W', 1, 0, 0, 0, 0, 25, 40, 146, 0, 1461531531),
(431, 2, 8, 3, 'W', 2, 0, 0, 0, 0, 24, 40, 147, 0, 1461531532),
(432, 2, 1, 4, 'L', 1, -1, -1, -1, -1, 24, 0, -1, 0, 0),
(433, 2, 1, 4, 'L', 2, -1, -1, -1, -1, 24, 0, -1, 0, 0),
(434, 2, 2, 4, 'L', 1, -1, -1, -1, -1, 24, 0, -1, 0, 0),
(435, 2, 2, 4, 'L', 2, -1, -1, -1, -1, 24, 0, -1, 0, 0),
(436, 2, 3, 4, 'L', 1, 0, 0, 0, 0, 24, 0, 148, 0, 1461531532),
(437, 2, 3, 4, 'L', 2, 0, 0, 0, 0, 24, 0, 149, 0, 1461531532),
(438, 2, 4, 4, 'L', 1, 0, 0, 0, 0, 24, 0, 150, 0, 1461531532),
(439, 2, 4, 4, 'L', 2, 0, 0, 0, 0, 24, 0, 151, 0, 1461531532),
(440, 2, 5, 4, 'L', 1, 0, 0, 0, 0, 24, 0, 152, 0, 1461531532),
(441, 2, 5, 4, 'L', 2, 0, 0, 0, 0, 24, 0, 153, 0, 1461531532),
(442, 2, 6, 4, 'L', 1, 0, 0, 0, 0, 24, 0, 154, 0, 1461531532),
(443, 2, 6, 4, 'L', 2, 0, 0, 0, 0, 24, 0, 155, 0, 1461531532),
(444, 2, 7, 4, 'L', 1, 0, 0, 0, 0, 24, 0, 156, 0, 1461531532),
(445, 2, 7, 4, 'L', 2, 0, 0, 0, 0, 24, 0, 157, 0, 1461531532),
(446, 2, 8, 4, 'L', 1, 0, 0, 0, 0, 24, 0, 158, 0, 1461531533),
(447, 2, 8, 4, 'L', 2, 0, 0, 0, 0, 24, 0, 159, 0, 1461531533),
(448, 2, 1, 4, 'W', 1, -1, -1, -1, -1, 40, 32, -1, 0, 0),
(449, 2, 2, 4, 'W', 1, -1, -1, -1, -1, 40, 32, -1, 0, 0),
(450, 2, 3, 4, 'W', 1, 0, 0, 0, 0, 40, 32, 160, 0, 1461531533),
(451, 2, 4, 4, 'W', 1, 0, 0, 0, 0, 40, 32, 161, 0, 1461531533),
(452, 2, 5, 4, 'W', 1, 0, 0, 0, 0, 36, 32, 162, 0, 1461531533),
(453, 2, 6, 4, 'W', 1, 0, 0, 0, 0, 36, 32, 163, 0, 1461531533),
(454, 2, 7, 4, 'W', 1, 0, 0, 0, 0, 36, 32, 164, 0, 1461531533),
(455, 2, 8, 4, 'W', 1, 0, 0, 0, 0, 36, 32, 165, 0, 1461531533),
(456, 2, 1, 5, 'L', 1, -1, -1, -1, -1, 16, 0, -1, 0, 0),
(457, 2, 1, 5, 'L', 1, -1, -1, -1, -1, 15, 0, -1, 0, 0),
(458, 2, 2, 5, 'L', 1, -1, -1, -1, -1, 15, 0, -1, 0, 0),
(459, 2, 2, 5, 'L', 1, -1, -1, -1, -1, 14, 0, -1, 0, 0),
(460, 2, 3, 5, 'L', 1, 0, 0, 0, 0, 14, 0, 166, 0, 1461531533),
(461, 2, 3, 5, 'L', 1, 0, 0, 0, 0, 13, 0, 167, 0, 1461531534),
(462, 2, 4, 5, 'L', 1, 0, 0, 0, 0, 13, 0, 168, 0, 1461531534),
(463, 2, 4, 5, 'L', 1, 0, 0, 0, 0, 12, 0, 169, 0, 1461531534),
(464, 2, 5, 5, 'L', 1, 0, 0, 0, 0, 12, 0, 170, 0, 1461531534),
(465, 2, 5, 5, 'L', 1, 0, 0, 0, 0, 11, 0, 171, 0, 1461531534),
(466, 2, 6, 5, 'L', 1, 0, 0, 0, 0, 11, 0, 172, 0, 1461531534),
(467, 2, 6, 5, 'L', 1, 0, 0, 0, 0, 10, 0, 173, 0, 1461531534),
(468, 2, 7, 5, 'L', 1, 0, 0, 0, 0, 10, 0, 174, 0, 1461531535),
(469, 2, 7, 5, 'L', 1, 0, 0, 0, 0, 9, 0, 175, 0, 1461531535),
(470, 2, 8, 5, 'L', 1, 0, 0, 0, 0, 9, 0, 176, 0, 1461531535),
(471, 2, 8, 5, 'L', 1, 0, 0, 0, 0, 8, 0, 177, 0, 1461531535),
(472, 2, 1, 6, 'L', 1, -1, -1, -1, -1, 8, 0, -1, 0, 0),
(473, 2, 2, 6, 'L', 1, -1, -1, -1, -1, 8, 0, -1, 0, 0),
(474, 2, 3, 6, 'L', 1, 0, 0, 0, 0, 8, 0, 178, 0, 1461531535),
(475, 2, 4, 6, 'L', 1, 0, 0, 0, 0, 8, 0, 179, 0, 1461531535),
(476, 2, 5, 6, 'L', 1, 0, 0, 0, 0, 8, 0, 180, 0, 1461531535),
(477, 2, 6, 6, 'L', 1, 0, 0, 0, 0, 8, 0, 181, 0, 1461531535),
(478, 2, 7, 6, 'L', 1, 0, 0, 0, 0, 8, 0, 182, 0, 1461531535),
(479, 2, 8, 6, 'L', 1, 0, 0, 0, 0, 8, 0, 183, 0, 1461531535),
(480, 2, 1, 7, 'L', 1, -1, -1, -1, -1, 12, 0, -1, 0, 0),
(481, 2, 2, 7, 'L', 1, -1, -1, -1, -1, 12, 0, -1, 0, 0),
(482, 2, 3, 7, 'L', 1, 0, 0, 0, 0, 12, 0, 184, 0, 1461531536),
(483, 2, 4, 7, 'L', 1, 0, 0, 0, 0, 12, 0, 185, 0, 1461531536),
(484, 2, 5, 7, 'L', 1, 0, 0, 0, 0, 8, 0, 186, 0, 1461531536),
(485, 2, 6, 7, 'L', 1, 0, 0, 0, 0, 8, 0, 187, 0, 1461531536),
(486, 2, 7, 7, 'L', 1, 0, 0, 0, 0, 8, 0, 188, 0, 1461531536),
(487, 2, 8, 7, 'L', 1, 0, 0, 0, 0, 8, 0, 189, 0, 1461531536),
(488, 2, 9, 8, 'W', 1, 0, -1, -1, -1, 8, 11, -1, 0, 1461531533),
(489, 2, 9, 8, 'W', 2, 0, -1, -1, -1, 8, 12, -1, 0, 1461531533),
(490, 2, 9, 8, 'W', 3, 0, 0, 0, 0, 6, 8, 190, 0, 1461531536),
(491, 2, 9, 8, 'W', 4, 0, 0, 0, 0, 6, 9, 191, 0, 1461531536),
(492, 2, 9, 8, 'L', 1, 0, -1, -1, -1, 6, 0, -1, 0, 1461531536),
(493, 2, 9, 8, 'L', 2, 0, -1, -1, -1, 6, 0, -1, 0, 1461531536),
(494, 2, 9, 8, 'L', 3, 0, 0, 0, 0, 6, 0, 192, 0, 1461531536),
(495, 2, 9, 8, 'L', 4, 0, 0, 0, 0, 6, 0, 193, 0, 1461531536),
(496, 2, 9, 9, 'W', 1, 0, -1, -1, -1, 6, 9, -1, 0, 1461531536),
(497, 2, 9, 9, 'W', 2, 0, -1, -1, -1, 5, 9, -1, 0, 1461531536),
(498, 2, 9, 9, 'L', 1, 0, -1, -1, -1, 5, 0, -1, 0, 1461531536),
(499, 2, 9, 9, 'L', 2, -1, -1, -1, -1, 5, 0, -1, 0, 0),
(500, 2, 9, 9, 'L', 3, 0, 0, 0, 0, 3, 0, 194, 0, 1461531537),
(501, 2, 9, 9, 'L', 4, 0, -1, -1, -1, 3, 0, -1, 0, 1461531536),
(502, 2, 9, 10, 'W', 1, -1, -1, -1, -1, 7, 6, -1, 0, 0),
(503, 2, 9, 10, 'L', 1, 0, -1, -1, -1, 2, 0, -1, 0, 1461531537),
(504, 2, 9, 10, 'L', 2, -1, -1, -1, -1, 2, 0, -1, 0, 0),
(505, 2, 9, 11, 'L', 1, -1, -1, -1, -1, 2, 0, -1, 0, 0),
(506, 2, 9, 11, 'L', 2, -1, -1, -1, -1, 1, 0, -1, 0, 0),
(507, 2, 9, 12, 'L', 1, -1, -1, -1, -1, 1, 0, -1, 0, 0),
(508, 2, 9, 13, 'L', 1, -1, -1, -1, -1, 1, 0, -1, 0, 0),
(509, 2, 10, 14, 'F', 1, -1, -1, -1, -1, 1, 1, -1, 0, 0),
(510, 2, 10, 15, 'F', 1, -1, -1, -1, -1, 0, 0, -1, 0, 0);

-- --------------------------------------------------------

--
-- Table structure for table `aws_robot`
--
DROP TABLE IF EXISTS `aws_robot`;
CREATE TABLE IF NOT EXISTS `aws_robot` (
  `id` int(10) NOT NULL AUTO_INCREMENT,
  `name` varchar(100) CHARACTER SET utf8 COLLATE utf8_unicode_ci NOT NULL,
  `teamId` int(10) unsigned NOT NULL COMMENT 'CONSTRAINT FOREIGN KEY (teamId) REFERENCES aws_user(id)',
  `classId` int(10) unsigned NOT NULL COMMENT 'CONSTRAINT FOREIGN KEY (classId) REFERENCES aws_robot_class(id)',
  `typeId` smallint(6) NOT NULL DEFAULT '0' COMMENT 'CONSTRAINT FOREIGN KEY (typeId) REFERENCES aws_robot_type(id)',
  `active` tinyint(1) NOT NULL,
  `created_at` int(11) NOT NULL DEFAULT '0',
  `updated_at` int(11) NOT NULL DEFAULT '0',
  PRIMARY KEY (`id`),
  UNIQUE KEY `RobotID_2` (`id`),
  KEY `RobotID` (`id`)
) ENGINE=InnoDB  DEFAULT CHARSET=utf8 AUTO_INCREMENT=67 ;

--
-- Dumping data for table `aws_robot`
--

INSERT INTO `aws_robot` (`id`, `name`, `teamId`, `classId`, `typeId`, `active`, `created_at`, `updated_at`) VALUES
(1, 'Are ''Friends'' Electric?', 2, 3, 0, 1, 1445029143, 1445029143),
(2, 'When The Machines Rock', 2, 3, 0, 1, 1445029253, 1445029253),
(3, 'We Are So Fragile', 2, 3, 0, 1, 1445029265, 1445029265),
(4, 'Bulletproof', 4, 3, 0, 1, 1445029316, 1445029316),
(5, 'In For The Kill', 4, 3, 1, 1, 1445029329, 1445029351),
(6, 'Lithium', 5, 3, 2, 1, 1445029594, 1445029594),
(7, 'Come As You Are', 5, 3, 0, 1, 1445029615, 1445029615),
(8, 'Something In The Way', 5, 3, 0, 1, 1445029640, 1445029640),
(9, 'Monster', 6, 3, 0, 1, 1445029816, 1445029816),
(10, 'I Like It Rough', 6, 3, 1, 1, 1445029840, 1445029840),
(11, 'Paper Gangsta', 6, 3, 0, 1, 1445029855, 1445029855),
(12, 'Earthquake', 7, 3, 0, 1, 1445029973, 1445029973),
(13, 'Mathematics', 7, 3, 1, 1, 1445029986, 1445029986),
(14, 'Symmetry', 7, 3, 2, 1, 1445029997, 1445029997),
(15, 'I Predict A Riot', 8, 3, 0, 1, 1445030123, 1445030123),
(16, 'The Angry Mob', 8, 3, 2, 1, 1445030153, 1445030153),
(17, 'Boxing Champ', 8, 3, 0, 1, 1445030168, 1445030168),
(18, 'Retirement', 8, 3, 0, 0, 1445030210, 1445030210),
(19, 'Explodes', 9, 3, 0, 1, 1445030359, 1445030359),
(20, 'Doomsday', 9, 3, 1, 1, 1445030376, 1445030376),
(21, 'Underdog', 9, 3, 0, 0, 1445030461, 1445030461),
(22, 'Fast Fuse', 9, 3, 2, 1, 1445030481, 1445030481),
(23, 'Vlad The Impaler', 9, 3, 0, 1, 1445030502, 1445030502),
(24, 'Velociraptor!', 9, 3, 1, 1, 1445030538, 1445030538),
(25, 'Armour Love', 4, 3, 1, 1, 1445030626, 1445030626),
(26, 'Metal On Metal', 10, 3, 2, 1, 1445030693, 1445030693),
(27, 'The Man Machine', 10, 3, 0, 1, 1445030704, 1445030704),
(28, 'We Are The Robots', 10, 3, 2, 1, 1445030716, 1445030733),
(29, 'Empire Ants', 11, 3, 2, 1, 1445030871, 1445030871),
(30, 'Cloud Of Unknowing', 11, 3, 2, 1, 1445030894, 1445030894),
(31, 'The Joplin Spider', 11, 3, 1, 1, 1445030925, 1445030925),
(32, 'Little Pink Plastic Bags', 11, 3, 0, 1, 1445031024, 1445031024),
(33, 'Sledgehammer', 12, 3, 0, 1, 1445031121, 1445031121),
(34, 'Don''t Give Up', 12, 3, 0, 1, 1445031142, 1445031142),
(35, 'No-One Driving', 13, 3, 0, 1, 1445031263, 1445031263),
(36, 'Dancing Like A Gun', 13, 3, 0, 1, 1445031296, 1445031296),
(37, 'Scarred', 14, 3, 0, 1, 1445031468, 1445031468),
(38, 'The Root Of All Evil', 14, 3, 1, 1, 1445031485, 1445031485),
(39, 'Sacrificed Sons', 14, 3, 2, 1, 1445031509, 1445031509),
(40, 'Fatal Tragedy', 14, 3, 0, 1, 1445031562, 1445031562),
(41, 'The Scientist', 15, 3, 1, 1, 1445031677, 1445031677),
(42, 'A Rush Of Blood To The Head', 15, 3, 0, 1, 1445031697, 1445031697),
(43, 'Us Against The World', 15, 3, 2, 1, 1445031718, 1445031718),
(44, 'Up In Flames', 15, 3, 0, 0, 1445031742, 1445031742),
(45, 'A Hopeful Transmission', 15, 3, 0, 1, 1445031761, 1445031761),
(46, 'Into Battle', 16, 3, 0, 1, 1445032104, 1445032104),
(47, 'Metal', 16, 3, 0, 1, 1445032133, 1445032133),
(48, 'This Wreckage', 16, 3, 0, 0, 1445032146, 1445032146),
(49, 'I Dream Of Wires', 16, 3, 1, 1, 1445032164, 1445032164),
(50, 'Supermassive Black Hole', 17, 3, 1, 1, 1445032305, 1445032305),
(51, 'Uprising', 17, 3, 0, 1, 1445032330, 1445032330),
(52, 'Resistance', 17, 3, 0, 1, 1445032361, 1445032361),
(53, 'Unnatural Selection', 17, 3, 2, 1, 1445032380, 1445032380),
(54, 'Little Monsters', 18, 3, 2, 1, 1445032431, 1445032431),
(55, 'Kiss With A Fist', 19, 3, 0, 1, 1445032519, 1445032519),
(56, 'Three Minute Hero', 20, 3, 0, 1, 1445032681, 1445032681),
(57, 'James Bond', 20, 3, 0, 1, 1445032707, 1445032707),
(58, 'On My Radio', 20, 3, 0, 1, 1445032721, 1445032721),
(59, 'No More Heroes', 21, 3, 0, 1, 1445033379, 1445033379),
(60, 'No Mercy', 21, 3, 0, 1, 1445033391, 1445033391),
(61, 'Tore Myself To Pieces', 22, 3, 0, 1, 1445546563, 1445546563),
(62, 'Damaged Software', 22, 3, 0, 1, 1445546639, 1445546639),
(63, 'I Am The Law', 23, 3, 0, 1, 1445547249, 1445547249),
(64, 'Angels And Demons', 24, 3, 2, 1, 1445547424, 1445547424),
(65, 'I Explode', 24, 3, 0, 1, 1445547435, 1445547435),
(66, 'Dynamite Shovel', 25, 3, 0, 1, 1445547632, 1445547632);

-- --------------------------------------------------------

--
-- Table structure for table `aws_robot_class`
--
DROP TABLE IF EXISTS `aws_robot_class`;
CREATE TABLE IF NOT EXISTS `aws_robot_class` (
  `id` tinyint(3) unsigned NOT NULL AUTO_INCREMENT,
  `name` varchar(20) CHARACTER SET utf8 COLLATE utf8_unicode_ci NOT NULL,
  PRIMARY KEY (`id`),
  UNIQUE KEY `id` (`id`)
) ENGINE=InnoDB  DEFAULT CHARSET=utf8 COMMENT='List of robot weight classes' AUTO_INCREMENT=4 ;

--
-- Dumping data for table `aws_robot_class`
--

INSERT INTO `aws_robot_class` (`id`, `name`) VALUES
(1, 'Nanoweight'),
(2, 'Fleaweight'),
(3, 'Antweight');

-- --------------------------------------------------------

--
-- Table structure for table `aws_robot_type`
--
DROP TABLE IF EXISTS `aws_robot_type`;
CREATE TABLE IF NOT EXISTS `aws_robot_type` (
  `id` smallint(6) NOT NULL,
  `name` varchar(32) CHARACTER SET utf8 COLLATE utf8_unicode_ci NOT NULL,
  PRIMARY KEY (`id`)
) ENGINE=InnoDB DEFAULT CHARSET=utf8;

--
-- Dumping data for table `aws_robot_type`
--

INSERT INTO `aws_robot_type` (`id`, `name`) VALUES
(0, 'Roller'),
(1, 'Walker'),
(2, 'Cluster');

-- --------------------------------------------------------

--
-- Table structure for table `aws_user`
--
DROP TABLE IF EXISTS `aws_user`;
CREATE TABLE IF NOT EXISTS `aws_user` (
  `id` int(11) NOT NULL AUTO_INCREMENT,
  `username` varchar(255) CHARACTER SET utf8 COLLATE utf8_unicode_ci NOT NULL,
  `password_hash` varchar(255) CHARACTER SET utf8 COLLATE utf8_unicode_ci NOT NULL,
  `auth_key` varchar(32) CHARACTER SET utf8 COLLATE utf8_unicode_ci NOT NULL,
  `password_reset_token` varchar(255) CHARACTER SET utf8 COLLATE utf8_unicode_ci DEFAULT NULL,
  `email` varchar(255) CHARACTER SET utf8 COLLATE utf8_unicode_ci NOT NULL,
  `status` smallint(6) NOT NULL DEFAULT '10',
  `created_at` int(11) NOT NULL DEFAULT '0',
  `updated_at` int(11) NOT NULL DEFAULT '0',
  `user_group` smallint(6) NOT NULL DEFAULT '2',
  `team_name` varchar(255) CHARACTER SET utf8 COLLATE utf8_unicode_ci NOT NULL,
  PRIMARY KEY (`id`),
  UNIQUE KEY `username` (`username`)
) ENGINE=InnoDB  DEFAULT CHARSET=utf8 AUTO_INCREMENT=30 ;

--
-- Dumping data for table `aws_user`
--

INSERT INTO `aws_user` (`id`, `username`, `password_hash`, `auth_key`, `password_reset_token`, `email`, `status`, `created_at`, `updated_at`, `user_group`, `team_name`) VALUES
(1, 'admin', '$2y$13$UjxishAoTCIWhiajitFs7uvSY9Vk3ZRzRQRytwwOlUDtESNwoTwha', 'Ml836D_d49Ja3KiK6eSdrVe8R-nm2A_B', NULL, 'email@example.com', 10, 0, 0, 1, ''),
(2, 'alpha', '$2y$13$bFYMtcfQhtXcqljvQbG4G.QyjIbnZowujikgPg46WpMwslhIoPkdG', '13k8-hI4jBabrzEecPm43R4MrAhbzCWV', NULL, 'alpha@test.com', 10, 0, 1444576810, 2, 'Tubeway Army'),
(4, 'bravo', '$2y$13$bFYMtcfQhtXcqljvQbG4G.QyjIbnZowujikgPg46WpMwslhIoPkdG', 'xllah89ObafHMn2m3HRpfzCNj7kCvkrC', NULL, 'email@example.com', 10, 0, 0, 2, 'La Roux'),
(5, 'charlie', '$2y$13$bFYMtcfQhtXcqljvQbG4G.QyjIbnZowujikgPg46WpMwslhIoPkdG', '4uR3Wv32D97E-cpNxgueRSY7RDoUPtWd', NULL, 'email@example.com', 10, 0, 0, 2, 'Nirvana'),
(6, 'delta', '$2y$13$bFYMtcfQhtXcqljvQbG4G.QyjIbnZowujikgPg46WpMwslhIoPkdG', 'ptLLMiUDKPbq_sektlQyjcCyZ0XYQcE_', NULL, 'email@example.com', 10, 0, 0, 2, 'Lady Gaga'),
(7, 'echo', '$2y$13$bFYMtcfQhtXcqljvQbG4G.QyjIbnZowujikgPg46WpMwslhIoPkdG', 'GMQt5yfaEMWCUs19F5JgW7H8BSpDaNTA', NULL, 'email@example.com', 10, 0, 0, 2, 'Little Boots'),
(8, 'foxtrot', '$2y$13$bFYMtcfQhtXcqljvQbG4G.QyjIbnZowujikgPg46WpMwslhIoPkdG', 'gaw8iSUEemwVl37Thv1qBH64rDvgDYYQ', NULL, 'email@example.com', 10, 0, 0, 2, 'Kaiser Chiefs'),
(9, 'golf', '$2y$13$bFYMtcfQhtXcqljvQbG4G.QyjIbnZowujikgPg46WpMwslhIoPkdG', '096F8rbWwwLm0mvcXFygT3IUJaP7wajG', NULL, 'email@example.com', 10, 0, 0, 2, 'Kasabian'),
(10, 'hotel', '$2y$13$bFYMtcfQhtXcqljvQbG4G.QyjIbnZowujikgPg46WpMwslhIoPkdG', 'NsNeFOdKTQk50Ur9RQXM7JThPUfMwpk_', NULL, 'email@example.com', 10, 0, 0, 2, 'Kraftwerk'),
(11, 'india', '$2y$13$bFYMtcfQhtXcqljvQbG4G.QyjIbnZowujikgPg46WpMwslhIoPkdG', 'OI1pEpnLF8B8laOkbps9f0BTWxt0PlUT', NULL, 'email@example.com', 10, 0, 0, 2, 'Gorillaz'),
(12, 'juliet', '$2y$13$bFYMtcfQhtXcqljvQbG4G.QyjIbnZowujikgPg46WpMwslhIoPkdG', 'QzbMNoWll-OXRqsdCahrBz3X0NVcckKW', NULL, 'email@example.com', 10, 0, 0, 2, 'Peter Gabriel'),
(13, 'kilo', '$2y$13$D3bVvGO/ywkv9zYA2EJio.BSW3Jo5/6fKMrzPIbXpDpzc./uXyzGS', 'dyijp1HoqIrUJySYueJyMUhNiTO-Y8e2', NULL, 'kilo@test.com', 10, 1444578469, 1444578469, 2, 'John Foxx'),
(14, 'lima', '$2y$13$iwLVtYt3SsKDLfxcTKSJ0eOI0kw.j.6yZoqVbsrRV0zGuHK8mSQRi', 'V7dEhH-zItNto_KQM4GRgE8LNLOAK44E', NULL, 'lima@test.com', 10, 1444579491, 1444579491, 2, 'Dream Theater'),
(15, 'mike', '$2y$13$IJ1SdglhERpf3GkxDfokRuUyqE6d3d.XCcXLzdj8Ywn1MNy7LNGlS', 'QlUxMQrMO92YVCXLUjyY24tGIlH4Vs3x', NULL, 'mike@test.com', 10, 1444579644, 1444579644, 2, 'Coldplay'),
(16, 'november', '$2y$13$US0g/Xurqo3jcUoe0EI7tuUx9fF/5RWUQ6cUm12A2f538LBYSxDYy', 'BEOgeOzr6ngRQ1zRJCFZBkJxGBuL12b7', NULL, 'november@test.com', 10, 1444579723, 1444579723, 2, 'Gary Numan'),
(17, 'oscar', '$2y$13$J8gDpfdgV2F1hHVIlpXtVuvEMnP77WGoz4.xApIbfr6LL71HKaf1C', 'E-0WFaqU9kbSr4Z73hbkDe-pWK_gtP9-', NULL, 'oscar@test.com', 10, 1444579838, 1444579838, 2, 'Muse'),
(18, 'papa', '$2y$13$jxpfbMHcsLEIAyKXBjOmfOWL5eQpZtQndVwnzVR14h2TQf/6ihgkm', 'YqfE7OdqmYYJ_Y252-9nxP5pCzuhL7VR', NULL, 'papa@test.com', 10, 1444579927, 1444579927, 2, 'Royal Blood'),
(19, 'quebec', '$2y$13$nsKzRSKPc6faJSzbyiAajeasOaG2V2yFqKFX52FHAFCwxoP2I5Zq2', 'UJO2IOdjjviUojXCUd_xfBAxhU60mRBK', NULL, 'quebec@test.com', 10, 1444580028, 1444580028, 2, 'Florence & The Machine'),
(20, 'romeo', '$2y$13$BKCPSemFtfVi1U.GZSIXSuwL5XTSF/L.4AF3GDxX6.l9vbEC1rQOO', '8C_lYeVsdAu5u1p2f1_hDXp_GztGn06C', NULL, 'romeo@test.com', 10, 1444580129, 1444580129, 2, 'The Selecter'),
(21, 'sierra', '$2y$13$YZCl5An7AStNinZPeQTa.e5RS4MYwC.7GWi9GpsaHyhfsbq3C1uHy', '3faOjr1oSz72FYnSFFSWAUaRh62okRoj', NULL, 'sierra@test.com', 10, 1444580222, 1444580222, 2, 'The Stranglers'),
(22, 'tango', '$2y$13$SHg2BipHB21aITu9oPa0zuk7wovn227DHGyYKFsrpxLz.W6toPOEK', 'wnuJYxcTdt7MqSVSV3wJUSD1zrHztFbw', NULL, 'tango@test.com', 10, 1444580300, 1445546535, 2, 'Vile Electrodes'),
(23, 'uniform', '$2y$13$ho2dJSH92ggpynCBrvpUN.MtQ5CJ2N6oyuLMTC3vL7Z5SkEZhsU7S', '1rwGcCl4pLVkl6RmiU8zVwP7jSDgZYrQ', NULL, 'uniform@test.com', 10, 1444584657, 1445547230, 2, 'The Human League'),
(24, 'victor', '$2y$13$Wp.gcje0.DKmFZQ8FAJSBOkCBw1zMBk8B6e2LfnafjiEi.BtfWKVK', 'IMCef3yDBtWvUMQkPHWkgIqCYiRkmoLG', NULL, 'victor@test.com', 10, 1444584767, 1445547401, 2, 'Toyah'),
(25, 'whisky', '$2y$13$3gVQK5sK4QV1niRhkTY4ju9H18XRD39i/OGuAeuVs0oXEPAWRBPya', 'ppVEhLoP-cX9hJ-Mwt7PVIPQHIowAUN_', NULL, 'whisky@test.com', 10, 1444584856, 1445547602, 2, 'The Wonder Years'),
(26, 'xray', '$2y$13$LUwL2zN5WNqc4AneYbfcoeNbM6q7bBv/SKZWXWf6PRg0rIQCGJSTa', '3T8Fe6xsodw1Q2DU2H71EGCnK3gNF7gn', NULL, 'xray@test.com', 10, 1444584963, 1444584963, 2, 'Team Xray'),
(27, 'yankee', '$2y$13$T8OPIZGUNHQV4Y1IUdrDrOAmaK2z71CyTAtROFU8QMVlDIthi6yJC', 'B-2YuYAHOwZKyADaNZ_C47ngcmlTPseZ', NULL, 'yankee@test.com', 10, 1444585057, 1444585057, 2, 'Team Yankee'),
(28, 'zulu', '$2y$13$4aOiAkVwD4M0FmFrWgvsQee.T8u1NMaZ7Yg73cp52rLhC0kH9uzpO', 'VDLjpKZ7jfuTI2GPGp-DVyUaecWnJ5o3', '87XKyQDUD_thfl97zaiZzX1_XjvIqxHX_1444768935', 'zulu@test.com', 10, 1444585174, 1444768935, 2, 'Team Zulu'),
(29, 'newuser', '$2y$13$tdaBmBJ8B9Ognn0HVgpcyOYDz5wEiP1EuZnMgXhHWi17lEA4avblu', 'SOS-AzubmcO09qx-fyUmZauFI_bkEoQB', NULL, 'email@example.com', 10, 1445172246, 1445172246, 2, 'New Team');

--
-- Table structure for table `aws_lock`
--

DROP TABLE IF EXISTS `aws_lock`;
CREATE TABLE IF NOT EXISTS `aws_lock` (
  `id` int(11) NOT NULL,
  `lockState` tinyint(1),
  `lockUserId` int(10),
  `updated_at` INT(11),
  PRIMARY KEY (`id`)
) ENGINE=InnoDB DEFAULT CHARSET=utf8 COMMENT='Lock table' ;

--
-- Dumping data for table `aws_lock`
--

INSERT INTO `aws_lock` (`id`, `lockState`, `lockUserId`, `updated_at`) VALUES (1, 0, NULL, NULL);

/*!40101 SET CHARACTER_SET_CLIENT=@OLD_CHARACTER_SET_CLIENT */;
/*!40101 SET CHARACTER_SET_RESULTS=@OLD_CHARACTER_SET_RESULTS */;
/*!40101 SET COLLATION_CONNECTION=@OLD_COLLATION_CONNECTION */;

SELECT 'Antlog has been installed successfully!' AS '';